Email Address,Section,First Name,Last Name,SID,Homework 1,Homework 1 - Max Points,Homework 1 - Submission Time,Homework 2,Homework 2 - Max Points,Homework 2 - Submission Time,Homework 3,Homework 3 - Max Points,Homework 3 - Submission Time,Homework 4,Homework 4 - Max Points,Homework 4 - Submission Time,Homework 5,Homework 5 - Max Points,Homework 5 - Submission Time,Homework 6,Homework 6 - Max Points,Homework 6 - Submission Time,Homework 7,Homework 7 - Max Points,Homework 7 - Submission Time,Homework 8,Homework 8 - Max Points,Homework 8 - Submission Time,Homework 9,Homework 9 - Max Points,Homework 9 - Submission Time,Homework 10,Homework 10 - Max Points,Homework 10 - Submission Time,Exam 1,Exam 1 - Max Points,Exam 1 - Submission Time,Exam 2,Exam 2 - Max Points,Exam 2 - Submission Time,Exam 3,Exam 3 - Max Points,Exam 3 - Submission Time,Quiz 1,Quiz 2,Quiz 3,Quiz 4,Quiz 5,Exam 1 Score,Exam 2 Score,Exam 3 Score,Total Homework,Average Homework,Homework Score,Total Quizzes,Average Quizzes,Quiz Score,Final Score,Ceiling Score,Final Grade
woody.barrera_jr@univ.edu,1,Woody,Barrera,wxb12345,55.0,80,2019-08-29 08:56:02-07:00,62,80,2019-09-05 08:56:02-07:00,73,80,2019-09-12 08:56:02-07:00,83,100,2019-09-19 08:56:02-07:00,68,70,2019-09-26 08:56:02-07:00,87,90,2019-10-03 08:56:02-07:00,36,50,2019-10-10 08:56:02-07:00,43,70,2019-10-17 08:56:02-07:00,45,60,2019-10-24 08:56:02-07:00,46,60,2019-10-31 08:56:02-07:00,86,100,2019-10-08 12:30:07-07:00,62,100,2019-11-08 12:30:07-07:00,90,100,2019-12-08 12:30:07-07:00,4,10,11,7,10,0.86,0.62,0.9,0.8081081081081081,0.799404761904762,0.8081081081081081,0.6086956521739131,0.6021390374331551,0.6086956521739131,0.7458519388954172,75.0,C
malaika.lambert@univ.edu,2,Malaika,Lambert,mxl12345,63.0,80,2019-08-29 08:56:02-07:00,57,80,2019-09-05 08:56:02-07:00,78,80,2019-09-12 08:56:02-07:00,83,100,2019-09-19 08:56:02-07:00,61,70,2019-09-26 08:56:02-07:00,88,90,2019-10-03 08:56:02-07:00,42,50,2019-10-10 08:56:02-07:00,58,70,2019-10-17 08:56:02-07:00,45,60,2019-10-24 08:56:02-07:00,37,60,2019-10-31 08:56:02-07:00,60,100,2019-10-08 12:30:07-07:00,91,100,2019-11-08 12:30:07-07:00,93,100,2019-12-08 12:30:07-07:00,8,10,10,13,6,0.6,0.91,0.93,0.827027027027027,0.8189444444444444,0.827027027027027,0.6811594202898551,0.682149223325694,0.682149223325694,0.795955577808519,80.0,B
traci.joyce@univ.edu,1,Traci,Joyce,txj12345,0.0,80,2019-08-29 08:56:02-07:00,77,80,2019-09-05 08:56:02-07:00,58,80,2019-09-12 08:56:02-07:00,91,100,2019-09-19 08:56:02-07:00,66,70,2019-09-26 08:56:02-07:00,78,90,2019-10-03 08:56:02-07:00,30,50,2019-10-10 08:56:02-07:00,69,70,2019-10-17 08:56:02-07:00,59,60,2019-10-24 08:56:02-07:00,53,60,2019-10-31 08:56:02-07:00,100,100,2019-10-08 12:30:07-07:00,84,100,2019-11-08 12:30:07-07:00,64,100,2019-12-08 12:30:07-07:00,8,6,14,9,4,1.0,0.84,0.64,0.7851351351351351,0.7859404761904762,0.7859404761904762,0.5942028985507246,0.5853985230455819,0.5942028985507246,0.7226370600414079,73.0,C
john.g.2.flower@univ.edu,3,Gregg,Flower,jgf12345,69.0,80,2019-08-29 08:56:02-07:00,52,80,2019-09-05 08:56:02-07:00,64,80,2019-09-12 08:56:02-07:00,75,100,2019-09-19 08:56:02-07:00,61,70,2019-09-26 08:56:02-07:00,83,90,2019-10-03 08:56:02-07:00,41,50,2019-10-10 08:56:02-07:00,43,70,2019-10-17 08:56:02-07:00,42,60,2019-10-24 08:56:02-07:00,40,60,2019-10-31 08:56:02-07:00,72,100,2019-10-08 12:30:07-07:00,83,100,2019-11-08 12:30:07-07:00,77,100,2019-12-08 12:30:07-07:00,8,8,8,13,5,0.72,0.83,0.77,0.7702702702702703,0.7657103174603176,0.7702702702702703,0.6086956521739131,0.6152864782276548,0.6152864782276548,0.7271940515764046,73.0,C
stacy.johnson@univ.edu,2,Stacy,Johnson,smj00936,74.0,80,2019-08-29 08:56:02-07:00,55,80,2019-09-05 08:56:02-07:00,60,80,2019-09-12 08:56:02-07:00,67,100,2019-09-19 08:56:02-07:00,46,70,2019-09-26 08:56:02-07:00,85,90,2019-10-03 08:56:02-07:00,43,50,2019-10-10 08:56:02-07:00,42,70,2019-10-17 08:56:02-07:00,59,60,2019-10-24 08:56:02-07:00,48,60,2019-10-31 08:56:02-07:00,96,100,2019-10-08 12:30:07-07:00,80,100,2019-11-08 12:30:07-07:00,86,100,2019-12-08 12:30:07-07:00,6,14,11,7,7,0.96,0.8,0.86,0.7824324324324324,0.7877420634920634,0.7877420634920634,0.6521739130434783,0.6418360071301248,0.6521739130434783,0.7677489993098688,77.0,C
richard.saunders@univ.edu,1,Richard,Saunders,rxs30280,53.0,80,2019-08-29 08:56:02-07:00,56,80,2019-09-05 08:56:02-07:00,48,80,2019-09-12 08:56:02-07:00,87,100,2019-09-19 08:56:02-07:00,46,70,2019-09-26 08:56:02-07:00,55,90,2019-10-03 08:56:02-07:00,32,50,2019-10-10 08:56:02-07:00,57,70,2019-10-17 08:56:02-07:00,56,60,2019-10-24 08:56:02-07:00,36,60,2019-10-31 08:56:02-07:00,65,100,2019-10-08 12:30:07-07:00,93,100,2019-11-08 12:30:07-07:00,64,100,2019-12-08 12:30:07-07:00,10,8,15,12,12,0.65,0.93,0.64,0.7108108108108108,0.7088373015873015,0.7108108108108108,0.8260869565217391,0.836384008148714,0.836384008148714,0.7567395267689385,76.0,C
daisy.anderson@univ.edu,2,Daisy,Anderson,dma58910,64.0,80,2019-08-29 08:56:02-07:00,52,80,2019-09-05 08:56:02-07:00,57,80,2019-09-12 08:56:02-07:00,84,100,2019-09-19 08:56:02-07:00,54,70,2019-09-26 08:56:02-07:00,63,90,2019-10-03 08:56:02-07:00,34,50,2019-10-10 08:56:02-07:00,45,70,2019-10-17 08:56:02-07:00,38,60,2019-10-24 08:56:02-07:00,45,60,2019-10-31 08:56:02-07:00,92,100,2019-10-08 12:30:07-07:00,66,100,2019-11-08 12:30:07-07:00,94,100,2019-12-08 12:30:07-07:00,9,6,10,6,7,0.92,0.66,0.94,0.7243243243243244,0.7180119047619048,0.7243243243243244,0.5507246376811594,0.5636643748408454,0.5636643748408454,0.7118290421819834,72.0,C
holly.watson@univ.edu,2,Holly,Watson,hsw06874,66.0,80,2019-08-29 08:56:02-07:00,51,80,2019-09-05 08:56:02-07:00,66,80,2019-09-12 08:56:02-07:00,79,100,2019-09-19 08:56:02-07:00,53,70,2019-09-26 08:56:02-07:00,55,90,2019-10-03 08:56:02-07:00,35,50,2019-10-10 08:56:02-07:00,61,70,2019-10-17 08:56:02-07:00,49,60,2019-10-24 08:56:02-07:00,49,60,2019-10-31 08:56:02-07:00,81,100,2019-10-08 12:30:07-07:00,100,100,2019-11-08 12:30:07-07:00,90,100,2019-12-08 12:30:07-07:00,11,12,10,6,5,0.81,1.0,0.9,0.7621621621621621,0.7650515873015872,0.7650515873015872,0.6376811594202898,0.6466946778711484,0.6466946778711484,0.7755290382819795,78.0,C
brandy.reilly@univ.edu,2,Brandy,Reilly,bkr19538,70.0,80,2019-08-29 08:56:02-07:00,80,80,2019-09-05 08:56:02-07:00,55,80,2019-09-12 08:56:02-07:00,84,100,2019-09-19 08:56:02-07:00,42,70,2019-09-26 08:56:02-07:00,79,90,2019-10-03 08:56:02-07:00,44,50,2019-10-10 08:56:02-07:00,60,70,2019-10-17 08:56:02-07:00,45,60,2019-10-24 08:56:02-07:00,52,60,2019-10-31 08:56:02-07:00,69,100,2019-10-08 12:30:07-07:00,67,100,2019-11-08 12:30:07-07:00,95,100,2019-12-08 12:30:07-07:00,5,13,6,14,10,0.69,0.67,0.95,0.8256756756756757,0.8234087301587302,0.8256756756756757,0.6956521739130435,0.7014973262032086,0.7014973262032086,0.7847194681312328,79.0,C
lorraine.carter@univ.edu,2,Lorraine,Carter,lxc64780,50.0,80,2019-08-29 08:56:02-07:00,66,80,2019-09-05 08:56:02-07:00,62,80,2019-09-12 08:56:02-07:00,80,100,2019-09-19 08:56:02-07:00,42,70,2019-09-26 08:56:02-07:00,66,90,2019-10-03 08:56:02-07:00,38,50,2019-10-10 08:56:02-07:00,56,70,2019-10-17 08:56:02-07:00,45,60,2019-10-24 08:56:02-07:00,43,60,2019-10-31 08:56:02-07:00,68,100,2019-10-08 12:30:07-07:00,69,100,2019-11-08 12:30:07-07:00,99,100,2019-12-08 12:30:07-07:00,5,13,14,12,10,0.68,0.69,0.99,0.7405405405405405,0.7384999999999999,0.7405405405405405,0.782608695652174,0.7670435446906035,0.782608695652174,0.7824988249118684,79.0,C
ricardo.price@univ.edu,3,Ricardo,Price,rxp56459,77.0,80,2019-08-29 08:56:02-07:00,74,80,2019-09-05 08:56:02-07:00,67,80,2019-09-12 08:56:02-07:00,67,100,2019-09-19 08:56:02-07:00,67,70,2019-09-26 08:56:02-07:00,58,90,2019-10-03 08:56:02-07:00,41,50,2019-10-10 08:56:02-07:00,60,70,2019-10-17 08:56:02-07:00,38,60,2019-10-24 08:56:02-07:00,55,60,2019-10-31 08:56:02-07:00,68,100,2019-10-08 12:30:07-07:00,92,100,2019-11-08 12:30:07-07:00,75,100,2019-12-08 12:30:07-07:00,10,12,8,14,12,0.68,0.92,0.75,0.8162162162162162,0.8223730158730158,0.8223730158730158,0.8115942028985508,0.8359358288770053,0.8359358288770053,0.8182299550123078,82.0,B
robert.douglas@univ.edu,2,Robert,Douglas,rxd29805,57.0,80,2019-08-29 08:56:02-07:00,53,80,2019-09-05 08:56:02-07:00,73,80,2019-09-12 08:56:02-07:00,78,100,2019-09-19 08:56:02-07:00,42,70,2019-09-26 08:56:02-07:00,83,90,2019-10-03 08:56:02-07:00,41,50,2019-10-10 08:56:02-07:00,69,70,2019-10-17 08:56:02-07:00,44,60,2019-10-24 08:56:02-07:00,39,60,2019-10-31 08:56:02-07:00,86,100,2019-10-08 12:30:07-07:00,67,100,2019-11-08 12:30:07-07:00,87,100,2019-12-08 12:30:07-07:00,8,9,13,10,8,0.86,0.67,0.87,0.7824324324324324,0.7778769841269841,0.7824324324324324,0.6956521739130435,0.6945861981156098,0.6956521739130435,0.7621686251468861,77.0,C
amy.white@univ.edu,3,Amy,White,alw07647,71.0,80,2019-08-29 08:56:02-07:00,60,80,2019-09-05 08:56:02-07:00,72,80,2019-09-12 08:56:02-07:00,95,100,2019-09-19 08:56:02-07:00,64,70,2019-09-26 08:56:02-07:00,87,90,2019-10-03 08:56:02-07:00,40,50,2019-10-10 08:56:02-07:00,43,70,2019-10-17 08:56:02-07:00,47,60,2019-10-24 08:56:02-07:00,41,60,2019-10-31 08:56:02-07:00,99,100,2019-10-08 12:30:07-07:00,95,100,2019-11-08 12:30:07-07:00,99,100,2019-12-08 12:30:07-07:00,7,14,15,11,4,0.99,0.95,0.99,0.8378378378378378,0.8249404761904762,0.8378378378378378,0.7391304347826086,0.7142195059842119,0.7391304347826086,0.8498742655699177,85.0,B
emily.houston@univ.edu,1,Emily,Houston,edh14938,54.0,80,2019-08-29 08:56:02-07:00,60,80,2019-09-05 08:56:02-07:00,56,80,2019-09-12 08:56:02-07:00,71,100,2019-09-19 08:56:02-07:00,56,70,2019-09-26 08:56:02-07:00,71,90,2019-10-03 08:56:02-07:00,46,50,2019-10-10 08:56:02-07:00,55,70,2019-10-17 08:56:02-07:00,52,60,2019-10-24 08:56:02-07:00,40,60,2019-10-31 08:56:02-07:00,100,100,2019-10-08 12:30:07-07:00,78,100,2019-11-08 12:30:07-07:00,87,100,2019-12-08 12:30:07-07:00,8,9,17,5,11,1.0,0.78,0.87,0.7581081081081081,0.7662936507936509,0.7662936507936509,0.7246376811594203,0.7202164502164502,0.7246376811594203,0.7824087646652864,79.0,C
richard.bennett@univ.edu,1,Richard,Bennett,rjb91830,76.0,80,2019-08-29 08:56:02-07:00,75,80,2019-09-05 08:56:02-07:00,77,80,2019-09-12 08:56:02-07:00,68,100,2019-09-19 08:56:02-07:00,49,70,2019-09-26 08:56:02-07:00,80,90,2019-10-03 08:56:02-07:00,34,50,2019-10-10 08:56:02-07:00,45,70,2019-10-17 08:56:02-07:00,57,60,2019-10-24 08:56:02-07:00,53,60,2019-10-31 08:56:02-07:00,66,100,2019-10-08 12:30:07-07:00,97,100,2019-11-08 12:30:07-07:00,88,100,2019-12-08 12:30:07-07:00,10,6,9,8,10,0.66,0.97,0.88,0.8297297297297297,0.8275079365079365,0.8297297297297297,0.6231884057971014,0.6486529157117393,0.6486529157117393,0.7884877666054136,79.0,C
felicia.simpson@univ.edu,3,Felicia,Simpson,fxs77894,59.0,80,2019-08-29 08:56:02-07:00,66,80,2019-09-05 08:56:02-07:00,77,80,2019-09-12 08:56:02-07:00,73,100,2019-09-19 08:56:02-07:00,60,70,2019-09-26 08:56:02-07:00,90,90,2019-10-03 08:56:02-07:00,36,50,2019-10-10 08:56:02-07:00,63,70,2019-10-17 08:56:02-07:00,53,60,2019-10-24 08:56:02-07:00,41,60,2019-10-31 08:56:02-07:00,63,100,2019-10-08 12:30:07-07:00,90,100,2019-11-08 12:30:07-07:00,99,100,2019-12-08 12:30:07-07:00,11,7,13,9,12,0.63,0.9,0.99,0.8351351351351352,0.8298809523809524,0.8351351351351352,0.7536231884057971,0.7748459383753501,0.7748459383753501,0.8365078355666591,84.0,B
brooke.powers@univ.edu,1,Brooke,Powers,bdp78944,80.0,80,2019-08-29 08:56:02-07:00,60,80,2019-09-05 08:56:02-07:00,53,80,2019-09-12 08:56:02-07:00,66,100,2019-09-19 08:56:02-07:00,46,70,2019-09-26 08:56:02-07:00,85,90,2019-10-03 08:56:02-07:00,45,50,2019-10-10 08:56:02-07:00,54,70,2019-10-17 08:56:02-07:00,44,60,2019-10-24 08:56:02-07:00,57,60,2019-10-31 08:56:02-07:00,77,100,2019-10-08 12:30:07-07:00,87,100,2019-11-08 12:30:07-07:00,90,100,2019-12-08 12:30:07-07:00,6,10,17,10,8,0.77,0.87,0.9,0.7972972972972973,0.8028849206349207,0.8028849206349207,0.7391304347826086,0.7186147186147186,0.7391304347826086,0.8033930986887509,81.0,B
stephen.miller@univ.edu,2,Stephen,Miller,sem28474,50.0,80,2019-08-29 08:56:02-07:00,48,80,2019-09-05 08:56:02-07:00,63,80,2019-09-12 08:56:02-07:00,77,100,2019-09-19 08:56:02-07:00,57,70,2019-09-26 08:56:02-07:00,81,90,2019-10-03 08:56:02-07:00,49,50,2019-10-10 08:56:02-07:00,69,70,2019-10-17 08:56:02-07:00,55,60,2019-10-24 08:56:02-07:00,41,60,2019-10-31 08:56:02-07:00,72,100,2019-10-08 12:30:07-07:00,70,100,2019-11-08 12:30:07-07:00,97,100,2019-12-08 12:30:07-07:00,8,10,7,13,4,0.72,0.7,0.97,0.7972972972972973,0.80625,0.80625,0.6086956521739131,0.6135217723453018,0.6135217723453018,0.7580565317035906,76.0,C
benjamin.graham@univ.edu,2,Benjamin,Graham,bjg14618,64.0,80,2019-08-29 08:56:02-07:00,52,80,2019-09-05 08:56:02-07:00,58,80,2019-09-12 08:56:02-07:00,87,100,2019-09-19 08:56:02-07:00,60,70,2019-09-26 08:56:02-07:00,89,90,2019-10-03 08:56:02-07:00,41,50,2019-10-10 08:56:02-07:00,45,70,2019-10-17 08:56:02-07:00,50,60,2019-10-24 08:56:02-07:00,37,60,2019-10-31 08:56:02-07:00,81,100,2019-10-08 12:30:07-07:00,73,100,2019-11-08 12:30:07-07:00,81,100,2019-12-08 12:30:07-07:00,7,15,6,6,7,0.81,0.73,0.81,0.7878378378378378,0.780388888888889,0.7878378378378378,0.5942028985507246,0.6002419149477973,0.6002419149477973,0.7302077096194743,74.0,C
heidi.glover@univ.edu,2,Heidi,Glover,hxg56446,65.0,80,2019-08-29 08:56:02-07:00,52,80,2019-09-05 08:56:02-07:00,60,80,2019-09-12 08:56:02-07:00,65,100,2019-09-19 08:56:02-07:00,45,70,2019-09-26 08:56:02-07:00,81,90,2019-10-03 08:56:02-07:00,47,50,2019-10-10 08:56:02-07:00,43,70,2019-10-17 08:56:02-07:00,51,60,2019-10-24 08:56:02-07:00,48,60,2019-10-31 08:56:02-07:00,60,100,2019-10-08 12:30:07-07:00,83,100,2019-11-08 12:30:07-07:00,83,100,2019-12-08 12:30:07-07:00,4,14,10,7,9,0.6,0.83,0.83,0.7527027027027027,0.7609642857142856,0.7609642857142856,0.6376811594202898,0.6270409982174688,0.6376811594202898,0.7331900621118013,74.0,C
sherry.rogers@univ.edu,2,Sherry,Rogers,sbr74322,58.0,80,2019-08-29 08:56:02-07:00,60,80,2019-09-05 08:56:02-07:00,49,80,2019-09-12 08:56:02-07:00,68,100,2019-09-19 08:56:02-07:00,50,70,2019-09-26 08:56:02-07:00,75,90,2019-10-03 08:56:02-07:00,33,50,2019-10-10 08:56:02-07:00,44,70,2019-10-17 08:56:02-07:00,55,60,2019-10-24 08:56:02-07:00,56,60,2019-10-31 08:56:02-07:00,63,100,2019-10-08 12:30:07-07:00,92,100,2019-11-08 12:30:07-07:00,80,100,2019-12-08 12:30:07-07:00,4,12,17,9,11,0.63,0.92,0.8,0.7405405405405405,0.7453690476190478,0.7453690476190478,0.7681159420289855,0.7446320346320345,0.7681159420289855,0.7720824016563148,78.0,C
steven.roberts@univ.edu,2,Steven,Roberts,skr62062,56.0,80,2019-08-29 08:56:02-07:00,75,80,2019-09-05 08:56:02-07:00,76,80,2019-09-12 08:56:02-07:00,92,100,2019-09-19 08:56:02-07:00,59,70,2019-09-26 08:56:02-07:00,74,90,2019-10-03 08:56:02-07:00,38,50,2019-10-10 08:56:02-07:00,60,70,2019-10-17 08:56:02-07:00,59,60,2019-10-24 08:56:02-07:00,49,60,2019-10-31 08:56:02-07:00,70,100,2019-10-08 12:30:07-07:00,80,100,2019-11-08 12:30:07-07:00,67,100,2019-12-08 12:30:07-07:00,8,14,8,9,8,0.7,0.8,0.67,0.8621621621621621,0.8589722222222221,0.8621621621621621,0.6811594202898551,0.6881436210847975,0.6881436210847975,0.7668079511903042,77.0,C
joseph.young@univ.edu,1,Joseph,Young,jty40106,51.0,80,2019-08-29 08:56:02-07:00,69,80,2019-09-05 08:56:02-07:00,60,80,2019-09-12 08:56:02-07:00,68,100,2019-09-19 08:56:02-07:00,67,70,2019-09-26 08:56:02-07:00,63,90,2019-10-03 08:56:02-07:00,49,50,2019-10-10 08:56:02-07:00,42,70,2019-10-17 08:56:02-07:00,55,60,2019-10-24 08:56:02-07:00,49,60,2019-10-31 08:56:02-07:00,72,100,2019-10-08 12:30:07-07:00,68,100,2019-11-08 12:30:07-07:00,96,100,2019-12-08 12:30:07-07:00,8,14,12,11,10,0.72,0.68,0.96,0.7743243243243243,0.790047619047619,0.790047619047619,0.7971014492753623,0.7971072065189713,0.7971072065189713,0.8031512095747391,81.0,B
cynthia.guzman@univ.edu,1,Cynthia,Guzman,cxg21963,63.0,80,2019-08-29 08:56:02-07:00,68,80,2019-09-05 08:56:02-07:00,48,80,2019-09-12 08:56:02-07:00,67,100,2019-09-19 08:56:02-07:00,55,70,2019-09-26 08:56:02-07:00,54,90,2019-10-03 08:56:02-07:00,38,50,2019-10-10 08:56:02-07:00,51,70,2019-10-17 08:56:02-07:00,57,60,2019-10-24 08:56:02-07:00,47,60,2019-10-31 08:56:02-07:00,64,100,2019-10-08 12:30:07-07:00,74,100,2019-11-08 12:30:07-07:00,66,100,2019-12-08 12:30:07-07:00,6,15,14,10,7,0.64,0.74,0.66,0.7405405405405405,0.7515119047619047,0.7515119047619047,0.7536231884057971,0.7333206009676598,0.7536231884057971,0.731691718426501,74.0,C
desiree.delgado@univ.edu,2,Desiree,Delgado,djd31335,69.0,80,2019-08-29 08:56:02-07:00,74,80,2019-09-05 08:56:02-07:00,74,80,2019-09-12 08:56:02-07:00,64,100,2019-09-19 08:56:02-07:00,60,70,2019-09-26 08:56:02-07:00,55,90,2019-10-03 08:56:02-07:00,31,50,2019-10-10 08:56:02-07:00,55,70,2019-10-17 08:56:02-07:00,55,60,2019-10-24 08:56:02-07:00,51,60,2019-10-31 08:56:02-07:00,88,100,2019-10-08 12:30:07-07:00,69,100,2019-11-08 12:30:07-07:00,78,100,2019-12-08 12:30:07-07:00,4,7,9,8,4,0.88,0.69,0.78,0.7945945945945946,0.7993134920634921,0.7993134920634921,0.463768115942029,0.4528953399541635,0.463768115942029,0.6888558316080055,69.0,D
tamara.warren@univ.edu,1,Tamara,Warren,tsw14969,74.0,80,2019-08-29 08:56:02-07:00,53,80,2019-09-05 08:56:02-07:00,48,80,2019-09-12 08:56:02-07:00,92,100,2019-09-19 08:56:02-07:00,57,70,2019-09-26 08:56:02-07:00,58,90,2019-10-03 08:56:02-07:00,44,50,2019-10-10 08:56:02-07:00,54,70,2019-10-17 08:56:02-07:00,56,60,2019-10-24 08:56:02-07:00,52,60,2019-10-31 08:56:02-07:00,77,100,2019-10-08 12:30:07-07:00,80,100,2019-11-08 12:30:07-07:00,99,100,2019-12-08 12:30:07-07:00,10,14,16,7,11,0.77,0.8,0.99,0.7945945945945946,0.8017658730158731,0.8017658730158731,0.8405797101449275,0.8400534759358289,0.8405797101449275,0.8398802622498275,84.0,B
john.harris@univ.edu,1,John,Harris,jlh15029,74.0,80,2019-08-29 08:56:02-07:00,77,80,2019-09-05 08:56:02-07:00,53,80,2019-09-12 08:56:02-07:00,89,100,2019-09-19 08:56:02-07:00,69,70,2019-09-26 08:56:02-07:00,87,90,2019-10-03 08:56:02-07:00,47,50,2019-10-10 08:56:02-07:00,43,70,2019-10-17 08:56:02-07:00,39,60,2019-10-24 08:56:02-07:00,60,60,2019-10-31 08:56:02-07:00,91,100,2019-10-08 12:30:07-07:00,90,100,2019-11-08 12:30:07-07:00,95,100,2019-12-08 12:30:07-07:00,9,14,12,6,12,0.91,0.9,0.95,0.8621621621621621,0.8596666666666668,0.8621621621621621,0.7681159420289855,0.7771937866055513,0.7771937866055513,0.8560230008465303,86.0,B
sherry.good@univ.edu,2,Sherry,Good,smg03171,50.0,80,2019-08-29 08:56:02-07:00,48,80,2019-09-05 08:56:02-07:00,77,80,2019-09-12 08:56:02-07:00,94,100,2019-09-19 08:56:02-07:00,54,70,2019-09-26 08:56:02-07:00,77,90,2019-10-03 08:56:02-07:00,44,50,2019-10-10 08:56:02-07:00,62,70,2019-10-17 08:56:02-07:00,48,60,2019-10-24 08:56:02-07:00,47,60,2019-10-31 08:56:02-07:00,89,100,2019-10-08 12:30:07-07:00,88,100,2019-11-08 12:30:07-07:00,64,100,2019-12-08 12:30:07-07:00,6,12,7,7,9,0.89,0.88,0.64,0.8121621621621622,0.8103531746031747,0.8121621621621622,0.5942028985507246,0.6014438502673797,0.6014438502673797,0.7337980199450789,74.0,C
kelsey.brown@univ.edu,2,Kelsey,Brown,ksb85997,78.0,80,2019-08-29 08:56:02-07:00,68,80,2019-09-05 08:56:02-07:00,52,80,2019-09-12 08:56:02-07:00,80,100,2019-09-19 08:56:02-07:00,51,70,2019-09-26 08:56:02-07:00,70,90,2019-10-03 08:56:02-07:00,49,50,2019-10-10 08:56:02-07:00,46,70,2019-10-17 08:56:02-07:00,59,60,2019-10-24 08:56:02-07:00,56,60,2019-10-31 08:56:02-07:00,80,100,2019-10-08 12:30:07-07:00,69,100,2019-11-08 12:30:07-07:00,83,100,2019-12-08 12:30:07-07:00,10,15,9,14,4,0.8,0.69,0.83,0.822972972972973,0.8335158730158732,0.8335158730158732,0.7536231884057971,0.754367201426025,0.754367201426025,0.7932165096341568,80.0,B
william.daniel@univ.edu,2,William,Daniel,wad63934,48.0,80,2019-08-29 08:56:02-07:00,60,80,2019-09-05 08:56:02-07:00,72,80,2019-09-12 08:56:02-07:00,76,100,2019-09-19 08:56:02-07:00,65,70,2019-09-26 08:56:02-07:00,60,90,2019-10-03 08:56:02-07:00,38,50,2019-10-10 08:56:02-07:00,62,70,2019-10-17 08:56:02-07:00,51,60,2019-10-24 08:56:02-07:00,36,60,2019-10-31 08:56:02-07:00,84,100,2019-10-08 12:30:07-07:00,91,100,2019-11-08 12:30:07-07:00,95,100,2019-12-08 12:30:07-07:00,9,10,10,9,5,0.84,0.91,0.95,0.7675675675675676,0.7700952380952379,0.7700952380952379,0.6231884057971014,0.6265215176979883,0.6265215176979883,0.7714945505474917,78.0,C
mark.lopez@univ.edu,1,Mark,Lopez,msl77920,58.0,80,2019-08-29 08:56:02-07:00,51,80,2019-09-05 08:56:02-07:00,55,80,2019-09-12 08:56:02-07:00,69,100,2019-09-19 08:56:02-07:00,65,70,2019-09-26 08:56:02-07:00,81,90,2019-10-03 08:56:02-07:00,32,50,2019-10-10 08:56:02-07:00,59,70,2019-10-17 08:56:02-07:00,45,60,2019-10-24 08:56:02-07:00,40,60,2019-10-31 08:56:02-07:00,94,100,2019-10-08 12:30:07-07:00,87,100,2019-11-08 12:30:07-07:00,78,100,2019-12-08 12:30:07-07:00,4,15,15,7,9,0.94,0.87,0.78,0.75,0.7468095238095238,0.75,0.7246376811594203,0.6991978609625669,0.7246376811594203,0.7683913043478261,77.0,C
taylor.hernandez@univ.edu,1,Taylor,Hernandez,thh29195,54.0,80,2019-08-29 08:56:02-07:00,52,80,2019-09-05 08:56:02-07:00,53,80,2019-09-12 08:56:02-07:00,67,100,2019-09-19 08:56:02-07:00,56,70,2019-09-26 08:56:02-07:00,77,90,2019-10-03 08:56:02-07:00,33,50,2019-10-10 08:56:02-07:00,57,70,2019-10-17 08:56:02-07:00,52,60,2019-10-24 08:56:02-07:00,46,60,2019-10-31 08:56:02-07:00,92,100,2019-10-08 12:30:07-07:00,83,100,2019-11-08 12:30:07-07:00,98,100,2019-12-08 12:30:07-07:00,11,12,14,5,9,0.92,0.83,0.98,0.7391891891891892,0.7420674603174603,0.7420674603174603,0.7391304347826086,0.7461344537815127,0.7461344537815127,0.7966673202614379,80.0,B
jorge.miller@univ.edu,1,Jorge,Miller,jxm83777,69.0,80,2019-08-29 08:56:02-07:00,56,80,2019-09-05 08:56:02-07:00,59,80,2019-09-12 08:56:02-07:00,88,100,2019-09-19 08:56:02-07:00,50,70,2019-09-26 08:56:02-07:00,67,90,2019-10-03 08:56:02-07:00,47,50,2019-10-10 08:56:02-07:00,64,70,2019-10-17 08:56:02-07:00,58,60,2019-10-24 08:56:02-07:00,57,60,2019-10-31 08:56:02-07:00,74,100,2019-10-08 12:30:07-07:00,73,100,2019-11-08 12:30:07-07:00,81,100,2019-12-08 12:30:07-07:00,10,10,6,14,11,0.74,0.73,0.81,0.831081081081081,0.8409682539682539,0.8409682539682539,0.7391304347826086,0.7690730837789661,0.7690730837789661,0.7986092267209914,80.0,B
thomas.terry@univ.edu,1,Thomas,Terry,txt65366,72.0,80,2019-08-29 08:56:02-07:00,60,80,2019-09-05 08:56:02-07:00,51,80,2019-09-12 08:56:02-07:00,96,100,2019-09-19 08:56:02-07:00,51,70,2019-09-26 08:56:02-07:00,87,90,2019-10-03 08:56:02-07:00,31,50,2019-10-10 08:56:02-07:00,43,70,2019-10-17 08:56:02-07:00,41,60,2019-10-24 08:56:02-07:00,50,60,2019-10-31 08:56:02-07:00,83,100,2019-10-08 12:30:07-07:00,74,100,2019-11-08 12:30:07-07:00,99,100,2019-12-08 12:30:07-07:00,8,14,13,8,9,0.83,0.74,0.99,0.7864864864864864,0.7693690476190477,0.7864864864864864,0.7536231884057971,0.7493481028775146,0.7536231884057971,0.8046815511163338,81.0,B
crystal.smith@univ.edu,3,Crystal,Smith,cjs43553,63.0,80,2019-08-29 08:56:02-07:00,80,80,2019-09-05 08:56:02-07:00,59,80,2019-09-12 08:56:02-07:00,90,100,2019-09-19 08:56:02-07:00,48,70,2019-09-26 08:56:02-07:00,66,90,2019-10-03 08:56:02-07:00,48,50,2019-10-10 08:56:02-07:00,64,70,2019-10-17 08:56:02-07:00,52,60,2019-10-24 08:56:02-07:00,58,60,2019-10-31 08:56:02-07:00,85,100,2019-10-08 12:30:07-07:00,88,100,2019-11-08 12:30:07-07:00,60,100,2019-12-08 12:30:07-07:00,6,14,8,14,5,0.85,0.88,0.6,0.8486486486486486,0.8551666666666667,0.8551666666666667,0.6811594202898551,0.6732085561497325,0.6811594202898551,0.7669144927536233,77.0,C
adam.cooper@univ.edu,2,Adam,Cooper,amc28428,80.0,80,2019-08-29 08:56:02-07:00,78,80,2019-09-05 08:56:02-07:00,78,80,2019-09-12 08:56:02-07:00,87,100,2019-09-19 08:56:02-07:00,65,70,2019-09-26 08:56:02-07:00,55,90,2019-10-03 08:56:02-07:00,44,50,2019-10-10 08:56:02-07:00,44,70,2019-10-17 08:56:02-07:00,45,60,2019-10-24 08:56:02-07:00,53,60,2019-10-31 08:56:02-07:00,65,100,2019-10-08 12:30:07-07:00,63,100,2019-11-08 12:30:07-07:00,90,100,2019-12-08 12:30:07-07:00,4,10,16,7,12,0.65,0.63,0.9,0.85,0.8501587301587301,0.8501587301587301,0.7101449275362319,0.6942959001782532,0.7101449275362319,0.7836069703243617,79.0,C
lauren.brock@univ.edu,2,Lauren,Brock,lmb95641,74.0,80,2019-08-29 08:56:02-07:00,58,80,2019-09-05 08:56:02-07:00,62,80,2019-09-12 08:56:02-07:00,82,100,2019-09-19 08:56:02-07:00,54,70,2019-09-26 08:56:02-07:00,87,90,2019-10-03 08:56:02-07:00,30,50,2019-10-10 08:56:02-07:00,51,70,2019-10-17 08:56:02-07:00,60,60,2019-10-24 08:56:02-07:00,54,60,2019-10-31 08:56:02-07:00,75,100,2019-10-08 12:30:07-07:00,72,100,2019-11-08 12:30:07-07:00,96,100,2019-12-08 12:30:07-07:00,7,14,11,12,7,0.75,0.72,0.96,0.827027027027027,0.8211666666666666,0.827027027027027,0.7391304347826086,0.7314463967405145,0.7391304347826086,0.8060499412455934,81.0,B
timothy.ramirez@univ.edu,3,Timothy,Ramirez,txr84689,72.0,80,2019-08-29 08:56:02-07:00,73,80,2019-09-05 08:56:02-07:00,65,80,2019-09-12 08:56:02-07:00,73,100,2019-09-19 08:56:02-07:00,49,70,2019-09-26 08:56:02-07:00,79,90,2019-10-03 08:56:02-07:00,49,50,2019-10-10 08:56:02-07:00,57,70,2019-10-17 08:56:02-07:00,54,60,2019-10-24 08:56:02-07:00,51,60,2019-10-31 08:56:02-07:00,84,100,2019-10-08 12:30:07-07:00,69,100,2019-11-08 12:30:07-07:00,87,100,2019-12-08 12:30:07-07:00,4,8,13,6,4,0.84,0.69,0.87,0.8405405405405405,0.8477063492063494,0.8477063492063494,0.5072463768115942,0.48471606824547997,0.5072463768115942,0.732756452726018,74.0,C
andrea.smith@univ.edu,2,Andrea,Smith,aes07091,80.0,80,2019-08-29 08:56:02-07:00,71,80,2019-09-05 08:56:02-07:00,61,80,2019-09-12 08:56:02-07:00,73,100,2019-09-19 08:56:02-07:00,61,70,2019-09-26 08:56:02-07:00,79,90,2019-10-03 08:56:02-07:00,47,50,2019-10-10 08:56:02-07:00,62,70,2019-10-17 08:56:02-07:00,43,60,2019-10-24 08:56:02-07:00,41,60,2019-10-31 08:56:02-07:00,66,100,2019-10-08 12:30:07-07:00,97,100,2019-11-08 12:30:07-07:00,86,100,2019-12-08 12:30:07-07:00,5,10,7,12,12,0.66,0.97,0.86,0.8351351351351352,0.8354920634920635,0.8354920634920635,0.6666666666666666,0.6780239368474662,0.6780239368474662,0.7966040064510652,80.0,B
john.rodriguez@univ.edu,3,John,Rodriguez,jsr21334,78.0,80,2019-08-29 08:56:02-07:00,76,80,2019-09-05 08:56:02-07:00,63,80,2019-09-12 08:56:02-07:00,61,100,2019-09-19 08:56:02-07:00,52,70,2019-09-26 08:56:02-07:00,61,90,2019-10-03 08:56:02-07:00,41,50,2019-10-10 08:56:02-07:00,55,70,2019-10-17 08:56:02-07:00,37,60,2019-10-24 08:56:02-07:00,60,60,2019-10-31 08:56:02-07:00,92,100,2019-10-08 12:30:07-07:00,68,100,2019-11-08 12:30:07-07:00,89,100,2019-12-08 12:30:07-07:00,6,12,12,11,7,0.92,0.68,0.89,0.7891891891891892,0.7965515873015873,0.7965515873015873,0.6956521739130435,0.6840769034886682,0.6956521739130435,0.774816287094548,78.0,C
anthony.miller@univ.edu,3,Anthony,Miller,axm26865,77.0,80,2019-08-29 08:56:02-07:00,53,80,2019-09-05 08:56:02-07:00,65,80,2019-09-12 08:56:02-07:00,74,100,2019-09-19 08:56:02-07:00,66,70,2019-09-26 08:56:02-07:00,78,90,2019-10-03 08:56:02-07:00,30,50,2019-10-10 08:56:02-07:00,55,70,2019-10-17 08:56:02-07:00,53,60,2019-10-24 08:56:02-07:00,41,60,2019-10-31 08:56:02-07:00,73,100,2019-10-08 12:30:07-07:00,68,100,2019-11-08 12:30:07-07:00,93,100,2019-12-08 12:30:07-07:00,9,8,13,7,12,0.73,0.68,0.93,0.8,0.7939404761904763,0.8,0.7101449275362319,0.7232442067736186,0.7232442067736186,0.7809732620320856,79.0,C
desiree.garcia@univ.edu,2,Desiree,Garcia,dsg54218,68.0,80,2019-08-29 08:56:02-07:00,78,80,2019-09-05 08:56:02-07:00,77,80,2019-09-12 08:56:02-07:00,95,100,2019-09-19 08:56:02-07:00,60,70,2019-09-26 08:56:02-07:00,73,90,2019-10-03 08:56:02-07:00,35,50,2019-10-10 08:56:02-07:00,47,70,2019-10-17 08:56:02-07:00,45,60,2019-10-24 08:56:02-07:00,55,60,2019-10-31 08:56:02-07:00,81,100,2019-10-08 12:30:07-07:00,99,100,2019-11-08 12:30:07-07:00,70,100,2019-12-08 12:30:07-07:00,8,10,6,10,6,0.81,0.99,0.7,0.8554054054054054,0.8443849206349207,0.8554054054054054,0.5797101449275363,0.5922332569391393,0.5922332569391393,0.764332139243904,77.0,C
ashley.martin@univ.edu,2,Ashley,Martin,asm59771,50.0,80,2019-08-29 08:56:02-07:00,66,80,2019-09-05 08:56:02-07:00,80,80,2019-09-12 08:56:02-07:00,68,100,2019-09-19 08:56:02-07:00,46,70,2019-09-26 08:56:02-07:00,86,90,2019-10-03 08:56:02-07:00,33,50,2019-10-10 08:56:02-07:00,63,70,2019-10-17 08:56:02-07:00,51,60,2019-10-24 08:56:02-07:00,48,60,2019-10-31 08:56:02-07:00,67,100,2019-10-08 12:30:07-07:00,72,100,2019-11-08 12:30:07-07:00,68,100,2019-12-08 12:30:07-07:00,5,7,8,13,11,0.67,0.72,0.68,0.7986486486486486,0.7952698412698413,0.7986486486486486,0.6376811594202898,0.6474076903488668,0.6474076903488668,0.7211817665641196,73.0,C
cameron.dennis@univ.edu,1,Cameron,Dennis,cxd92501,75.0,80,2019-08-29 08:56:02-07:00,73,80,2019-09-05 08:56:02-07:00,59,80,2019-09-12 08:56:02-07:00,61,100,2019-09-19 08:56:02-07:00,43,70,2019-09-26 08:56:02-07:00,67,90,2019-10-03 08:56:02-07:00,36,50,2019-10-10 08:56:02-07:00,59,70,2019-10-17 08:56:02-07:00,51,60,2019-10-24 08:56:02-07:00,54,60,2019-10-31 08:56:02-07:00,88,100,2019-10-08 12:30:07-07:00,66,100,2019-11-08 12:30:07-07:00,68,100,2019-12-08 12:30:07-07:00,4,6,13,5,4,0.88,0.66,0.68,0.7810810810810811,0.7869087301587301,0.7869087301587301,0.463768115942029,0.4437636872930991,0.463768115942029,0.6658939268461007,67.0,D
katelyn.faulkner@univ.edu,1,Katelyn,Faulkner,kxf45205,65.0,80,2019-08-29 08:56:02-07:00,65,80,2019-09-05 08:56:02-07:00,55,80,2019-09-12 08:56:02-07:00,90,100,2019-09-19 08:56:02-07:00,69,70,2019-09-26 08:56:02-07:00,65,90,2019-10-03 08:56:02-07:00,34,50,2019-10-10 08:56:02-07:00,69,70,2019-10-17 08:56:02-07:00,44,60,2019-10-24 08:56:02-07:00,42,60,2019-10-31 08:56:02-07:00,68,100,2019-10-08 12:30:07-07:00,60,100,2019-11-08 12:30:07-07:00,61,100,2019-12-08 12:30:07-07:00,6,12,17,14,6,0.68,0.6,0.61,0.8081081081081081,0.8019484126984127,0.8081081081081081,0.7971014492753623,0.7690909090909092,0.7971014492753623,0.7478736780258519,75.0,C
lauren.anderson@univ.edu,2,Lauren,Anderson,lba53221,55.0,80,2019-08-29 08:56:02-07:00,75,80,2019-09-05 08:56:02-07:00,57,80,2019-09-12 08:56:02-07:00,75,100,2019-09-19 08:56:02-07:00,47,70,2019-09-26 08:56:02-07:00,83,90,2019-10-03 08:56:02-07:00,48,50,2019-10-10 08:56:02-07:00,44,70,2019-10-17 08:56:02-07:00,44,60,2019-10-24 08:56:02-07:00,56,60,2019-10-31 08:56:02-07:00,94,100,2019-10-08 12:30:07-07:00,67,100,2019-11-08 12:30:07-07:00,86,100,2019-12-08 12:30:07-07:00,8,6,11,11,6,0.94,0.67,0.86,0.7891891891891892,0.793638888888889,0.793638888888889,0.6086956521739131,0.6120091673032849,0.6120091673032849,0.7440583057465411,75.0,C
kimberly.williams@univ.edu,2,Kimberly,Williams,kxw26270,72.0,80,2019-08-29 08:56:02-07:00,80,80,2019-09-05 08:56:02-07:00,63,80,2019-09-12 08:56:02-07:00,87,100,2019-09-19 08:56:02-07:00,57,70,2019-09-26 08:56:02-07:00,71,90,2019-10-03 08:56:02-07:00,30,50,2019-10-10 08:56:02-07:00,43,70,2019-10-17 08:56:02-07:00,42,60,2019-10-24 08:56:02-07:00,49,60,2019-10-31 08:56:02-07:00,82,100,2019-10-08 12:30:07-07:00,95,100,2019-11-08 12:30:07-07:00,85,100,2019-12-08 12:30:07-07:00,6,6,11,11,9,0.82,0.95,0.85,0.8027027027027027,0.7891626984126984,0.8027027027027027,0.6231884057971014,0.6256455309396486,0.6256455309396486,0.7722747403629757,78.0,C
brandon.thomas@univ.edu,3,Brandon,Thomas,bxt62105,80.0,80,2019-08-29 08:56:02-07:00,49,80,2019-09-05 08:56:02-07:00,53,80,2019-09-12 08:56:02-07:00,77,100,2019-09-19 08:56:02-07:00,46,70,2019-09-26 08:56:02-07:00,86,90,2019-10-03 08:56:02-07:00,33,50,2019-10-10 08:56:02-07:00,53,70,2019-10-17 08:56:02-07:00,37,60,2019-10-24 08:56:02-07:00,51,60,2019-10-31 08:56:02-07:00,86,100,2019-10-08 12:30:07-07:00,72,100,2019-11-08 12:30:07-07:00,65,100,2019-12-08 12:30:07-07:00,7,10,13,8,4,0.86,0.72,0.65,0.7635135135135135,0.7541507936507935,0.7635135135135135,0.6086956521739131,0.5944996180290297,0.6086956521739131,0.7005141010575793,71.0,C
amber.daniels@univ.edu,2,Amber,Daniels,axd11293,54.0,80,2019-08-29 08:56:02-07:00,57,80,2019-09-05 08:56:02-07:00,77,80,2019-09-12 08:56:02-07:00,95,100,2019-09-19 08:56:02-07:00,47,70,2019-09-26 08:56:02-07:00,87,90,2019-10-03 08:56:02-07:00,44,50,2019-10-10 08:56:02-07:00,58,70,2019-10-17 08:56:02-07:00,46,60,2019-10-24 08:56:02-07:00,59,60,2019-10-31 08:56:02-07:00,68,100,2019-10-08 12:30:07-07:00,95,100,2019-11-08 12:30:07-07:00,88,100,2019-12-08 12:30:07-07:00,7,15,16,5,6,0.68,0.95,0.88,0.8432432432432433,0.8396666666666665,0.8432432432432433,0.7101449275362319,0.6869365928189457,0.7101449275362319,0.8113407755581669,82.0,B
laura.reid@univ.edu,3,Laura,Reid,lcr30757,51.0,80,2019-08-29 08:56:02-07:00,75,80,2019-09-05 08:56:02-07:00,48,80,2019-09-12 08:56:02-07:00,62,100,2019-09-19 08:56:02-07:00,42,70,2019-09-26 08:56:02-07:00,54,90,2019-10-03 08:56:02-07:00,32,50,2019-10-10 08:56:02-07:00,61,70,2019-10-17 08:56:02-07:00,49,60,2019-10-24 08:56:02-07:00,46,60,2019-10-31 08:56:02-07:00,64,100,2019-10-08 12:30:07-07:00,86,100,2019-11-08 12:30:07-07:00,86,100,2019-12-08 12:30:07-07:00,4,13,10,8,12,0.64,0.86,0.86,0.7027027027027027,0.7089761904761904,0.7089761904761904,0.6811594202898551,0.6779933791698498,0.6811594202898551,0.7349383022774327,74.0,C
john.woodard@univ.edu,2,John,Woodard,jxw87000,51.0,80,2019-08-29 08:56:02-07:00,68,80,2019-09-05 08:56:02-07:00,56,80,2019-09-12 08:56:02-07:00,71,100,2019-09-19 08:56:02-07:00,69,70,2019-09-26 08:56:02-07:00,60,90,2019-10-03 08:56:02-07:00,33,50,2019-10-10 08:56:02-07:00,56,70,2019-10-17 08:56:02-07:00,41,60,2019-10-24 08:56:02-07:00,60,60,2019-10-31 08:56:02-07:00,68,100,2019-10-08 12:30:07-07:00,93,100,2019-11-08 12:30:07-07:00,62,100,2019-12-08 12:30:07-07:00,11,14,11,13,8,0.68,0.93,0.62,0.7635135135135135,0.7693214285714286,0.7693214285714286,0.8260869565217391,0.8351260504201681,0.8351260504201681,0.7782663865546218,78.0,C
billy.schwartz@univ.edu,1,Billy,Schwartz,bxs54690,56.0,80,2019-08-29 08:56:02-07:00,52,80,2019-09-05 08:56:02-07:00,56,80,2019-09-12 08:56:02-07:00,89,100,2019-09-19 08:56:02-07:00,46,70,2019-09-26 08:56:02-07:00,66,90,2019-10-03 08:56:02-07:00,33,50,2019-10-10 08:56:02-07:00,51,70,2019-10-17 08:56:02-07:00,48,60,2019-10-24 08:56:02-07:00,52,60,2019-10-31 08:56:02-07:00,89,100,2019-10-08 12:30:07-07:00,62,100,2019-11-08 12:30:07-07:00,93,100,2019-12-08 12:30:07-07:00,11,12,11,10,9,0.89,0.62,0.93,0.7418918918918919,0.7385714285714287,0.7418918918918919,0.7681159420289855,0.7822689075630253,0.7822689075630253,0.7774374290256644,78.0,C
jill.clark@univ.edu,3,Jill,Clark,jgc21028,70.0,80,2019-08-29 08:56:02-07:00,71,80,2019-09-05 08:56:02-07:00,52,80,2019-09-12 08:56:02-07:00,96,100,2019-09-19 08:56:02-07:00,56,70,2019-09-26 08:56:02-07:00,71,90,2019-10-03 08:56:02-07:00,36,50,2019-10-10 08:56:02-07:00,55,70,2019-10-17 08:56:02-07:00,53,60,2019-10-24 08:56:02-07:00,50,60,2019-10-31 08:56:02-07:00,62,100,2019-10-08 12:30:07-07:00,94,100,2019-11-08 12:30:07-07:00,88,100,2019-12-08 12:30:07-07:00,9,6,14,11,4,0.62,0.94,0.88,0.8243243243243243,0.8183769841269841,0.8243243243243243,0.6376811594202898,0.6321517697988287,0.6376811594202898,0.7780340775558168,78.0,C
linda.friedman@univ.edu,3,Linda,Friedman,llf55044,49.0,80,2019-08-29 08:56:02-07:00,70,80,2019-09-05 08:56:02-07:00,62,80,2019-09-12 08:56:02-07:00,83,100,2019-09-19 08:56:02-07:00,58,70,2019-09-26 08:56:02-07:00,79,90,2019-10-03 08:56:02-07:00,42,50,2019-10-10 08:56:02-07:00,60,70,2019-10-17 08:56:02-07:00,54,60,2019-10-24 08:56:02-07:00,42,60,2019-10-31 08:56:02-07:00,64,100,2019-10-08 12:30:07-07:00,86,100,2019-11-08 12:30:07-07:00,70,100,2019-12-08 12:30:07-07:00,10,9,8,5,8,0.64,0.86,0.7,0.8094594594594594,0.8095992063492063,0.8095992063492063,0.5797101449275363,0.6006977336389101,0.6006977336389101,0.7270490026313555,73.0,C
david.beck@univ.edu,1,David,Beck,djb29817,62.0,80,2019-08-29 08:56:02-07:00,79,80,2019-09-05 08:56:02-07:00,48,80,2019-09-12 08:56:02-07:00,61,100,2019-09-19 08:56:02-07:00,43,70,2019-09-26 08:56:02-07:00,59,90,2019-10-03 08:56:02-07:00,42,50,2019-10-10 08:56:02-07:00,51,70,2019-10-17 08:56:02-07:00,55,60,2019-10-24 08:56:02-07:00,39,60,2019-10-31 08:56:02-07:00,91,100,2019-10-08 12:30:07-07:00,74,100,2019-11-08 12:30:07-07:00,65,100,2019-12-08 12:30:07-07:00,4,7,7,12,7,0.91,0.74,0.65,0.7283783783783784,0.7377579365079365,0.7377579365079365,0.5362318840579711,0.5365087853323148,0.5365087853323148,0.6730558102028691,68.0,D
alec.curry@univ.edu,2,Alec,Curry,axc64717,69.0,80,2019-08-29 08:56:02-07:00,76,80,2019-09-05 08:56:02-07:00,66,80,2019-09-12 08:56:02-07:00,87,100,2019-09-19 08:56:02-07:00,59,70,2019-09-26 08:56:02-07:00,83,90,2019-10-03 08:56:02-07:00,43,50,2019-10-10 08:56:02-07:00,65,70,2019-10-17 08:56:02-07:00,58,60,2019-10-24 08:56:02-07:00,42,60,2019-10-31 08:56:02-07:00,65,100,2019-10-08 12:30:07-07:00,78,100,2019-11-08 12:30:07-07:00,83,100,2019-12-08 12:30:07-07:00,9,9,9,12,11,0.65,0.78,0.83,0.8756756756756757,0.8727817460317461,0.8756756756756757,0.7246376811594203,0.7442806213394448,0.7442806213394448,0.8085544566721038,81.0,B
belinda.bailey@univ.edu,3,Belinda,Bailey,bmb94857,60.0,80,2019-08-29 08:56:02-07:00,74,80,2019-09-05 08:56:02-07:00,55,80,2019-09-12 08:56:02-07:00,76,100,2019-09-19 08:56:02-07:00,64,70,2019-09-26 08:56:02-07:00,83,90,2019-10-03 08:56:02-07:00,44,50,2019-10-10 08:56:02-07:00,45,70,2019-10-17 08:56:02-07:00,50,60,2019-10-24 08:56:02-07:00,58,60,2019-10-31 08:56:02-07:00,83,100,2019-10-08 12:30:07-07:00,95,100,2019-11-08 12:30:07-07:00,87,100,2019-12-08 12:30:07-07:00,6,10,9,14,4,0.83,0.95,0.87,0.822972972972973,0.8281865079365079,0.8281865079365079,0.6231884057971014,0.6149732620320856,0.6231884057971014,0.7852311249137337,79.0,C
timothy.edwards@univ.edu,2,Timothy,Edwards,tce09928,49.0,80,2019-08-29 08:56:02-07:00,72,80,2019-09-05 08:56:02-07:00,60,80,2019-09-12 08:56:02-07:00,87,100,2019-09-19 08:56:02-07:00,49,70,2019-09-26 08:56:02-07:00,84,90,2019-10-03 08:56:02-07:00,30,50,2019-10-10 08:56:02-07:00,49,70,2019-10-17 08:56:02-07:00,39,60,2019-10-24 08:56:02-07:00,60,60,2019-10-31 08:56:02-07:00,68,100,2019-10-08 12:30:07-07:00,73,100,2019-11-08 12:30:07-07:00,71,100,2019-12-08 12:30:07-07:00,6,14,6,5,7,0.68,0.73,0.71,0.7824324324324324,0.7715833333333334,0.7824324324324324,0.5507246376811594,0.5544410491469315,0.5544410491469315,0.6928052877170525,70.0,C
heather.webb@univ.edu,3,Heather,Webb,hxw92728,56.0,80,2019-08-29 08:56:02-07:00,48,80,2019-09-05 08:56:02-07:00,60,80,2019-09-12 08:56:02-07:00,60,100,2019-09-19 08:56:02-07:00,47,70,2019-09-26 08:56:02-07:00,84,90,2019-10-03 08:56:02-07:00,35,50,2019-10-10 08:56:02-07:00,45,70,2019-10-17 08:56:02-07:00,44,60,2019-10-24 08:56:02-07:00,40,60,2019-10-31 08:56:02-07:00,100,100,2019-10-08 12:30:07-07:00,61,100,2019-11-08 12:30:07-07:00,62,100,2019-12-08 12:30:07-07:00,5,11,16,9,4,1.0,0.61,0.62,0.7013513513513514,0.6997619047619048,0.7013513513513514,0.6521739130434783,0.6210491469314998,0.6521739130434783,0.6801927144535841,69.0,D
april.greer@univ.edu,3,April,Greer,abg77872,61.0,80,2019-08-29 08:56:02-07:00,62,80,2019-09-05 08:56:02-07:00,67,80,2019-09-12 08:56:02-07:00,65,100,2019-09-19 08:56:02-07:00,58,70,2019-09-26 08:56:02-07:00,68,90,2019-10-03 08:56:02-07:00,30,50,2019-10-10 08:56:02-07:00,46,70,2019-10-17 08:56:02-07:00,60,60,2019-10-24 08:56:02-07:00,36,60,2019-10-31 08:56:02-07:00,74,100,2019-10-08 12:30:07-07:00,71,100,2019-11-08 12:30:07-07:00,94,100,2019-12-08 12:30:07-07:00,8,11,13,13,12,0.74,0.71,0.94,0.7472972972972973,0.7466269841269841,0.7472972972972973,0.8260869565217391,0.830776674306086,0.830776674306086,0.7971519212107446,80.0,B
shawn.marshall@univ.edu,1,Shawn,Marshall,sgm04582,70.0,80,2019-08-29 08:56:02-07:00,73,80,2019-09-05 08:56:02-07:00,50,80,2019-09-12 08:56:02-07:00,96,100,2019-09-19 08:56:02-07:00,49,70,2019-09-26 08:56:02-07:00,55,90,2019-10-03 08:56:02-07:00,46,50,2019-10-10 08:56:02-07:00,52,70,2019-10-17 08:56:02-07:00,38,60,2019-10-24 08:56:02-07:00,39,60,2019-10-31 08:56:02-07:00,69,100,2019-10-08 12:30:07-07:00,68,100,2019-11-08 12:30:07-07:00,62,100,2019-12-08 12:30:07-07:00,8,9,15,11,6,0.69,0.68,0.62,0.7675675675675676,0.7629801587301588,0.7675675675675676,0.7101449275362319,0.6990679908326967,0.7101449275362319,0.7155705052878966,72.0,C
beth.sanders@univ.edu,1,Beth,Sanders,bms82804,59.0,80,2019-08-29 08:56:02-07:00,67,80,2019-09-05 08:56:02-07:00,53,80,2019-09-12 08:56:02-07:00,85,100,2019-09-19 08:56:02-07:00,68,70,2019-09-26 08:56:02-07:00,77,90,2019-10-03 08:56:02-07:00,41,50,2019-10-10 08:56:02-07:00,52,70,2019-10-17 08:56:02-07:00,50,60,2019-10-24 08:56:02-07:00,42,60,2019-10-31 08:56:02-07:00,73,100,2019-10-08 12:30:07-07:00,71,100,2019-11-08 12:30:07-07:00,67,100,2019-12-08 12:30:07-07:00,4,12,9,10,9,0.73,0.71,0.67,0.8027027027027027,0.8010674603174603,0.8027027027027027,0.6376811594202898,0.631466768525592,0.6376811594202898,0.7203854289071681,73.0,C
margaret.james@univ.edu,2,Margaret,James,mjj83180,67.0,80,2019-08-29 08:56:02-07:00,63,80,2019-09-05 08:56:02-07:00,48,80,2019-09-12 08:56:02-07:00,81,100,2019-09-19 08:56:02-07:00,62,70,2019-09-26 08:56:02-07:00,89,90,2019-10-03 08:56:02-07:00,36,50,2019-10-10 08:56:02-07:00,57,70,2019-10-17 08:56:02-07:00,48,60,2019-10-24 08:56:02-07:00,51,60,2019-10-31 08:56:02-07:00,85,100,2019-10-08 12:30:07-07:00,90,100,2019-11-08 12:30:07-07:00,97,100,2019-12-08 12:30:07-07:00,8,11,9,7,11,0.85,0.9,0.97,0.8135135135135135,0.8093888888888889,0.8135135135135135,0.6666666666666666,0.6813368983957219,0.6813368983957219,0.807806474924122,81.0,B
michele.jones@univ.edu,1,Michele,Jones,mxj54725,67.0,80,2019-08-29 08:56:02-07:00,61,80,2019-09-05 08:56:02-07:00,65,80,2019-09-12 08:56:02-07:00,95,100,2019-09-19 08:56:02-07:00,63,70,2019-09-26 08:56:02-07:00,89,90,2019-10-03 08:56:02-07:00,42,50,2019-10-10 08:56:02-07:00,58,70,2019-10-17 08:56:02-07:00,43,60,2019-10-24 08:56:02-07:00,55,60,2019-10-31 08:56:02-07:00,100,100,2019-10-08 12:30:07-07:00,82,100,2019-11-08 12:30:07-07:00,63,100,2019-12-08 12:30:07-07:00,7,6,12,6,6,1.0,0.82,0.63,0.8621621621621621,0.855329365079365,0.8621621621621621,0.5362318840579711,0.5341634835752482,0.5362318840579711,0.7322344300822563,74.0,C
cindy.nguyen@univ.edu,2,Cindy,Nguyen,cxn83965,51.0,80,2019-08-29 08:56:02-07:00,59,80,2019-09-05 08:56:02-07:00,58,80,2019-09-12 08:56:02-07:00,63,100,2019-09-19 08:56:02-07:00,52,70,2019-09-26 08:56:02-07:00,58,90,2019-10-03 08:56:02-07:00,50,50,2019-10-10 08:56:02-07:00,66,70,2019-10-17 08:56:02-07:00,46,60,2019-10-24 08:56:02-07:00,41,60,2019-10-31 08:56:02-07:00,82,100,2019-10-08 12:30:07-07:00,68,100,2019-11-08 12:30:07-07:00,82,100,2019-12-08 12:30:07-07:00,7,10,6,10,10,0.82,0.68,0.82,0.7351351351351352,0.751015873015873,0.751015873015873,0.6231884057971014,0.6407181054239878,0.6407181054239878,0.7246217808335456,73.0,C
carol.watkins@univ.edu,2,Carol,Watkins,cxw68726,64.0,80,2019-08-29 08:56:02-07:00,76,80,2019-09-05 08:56:02-07:00,69,80,2019-09-12 08:56:02-07:00,88,100,2019-09-19 08:56:02-07:00,60,70,2019-09-26 08:56:02-07:00,66,90,2019-10-03 08:56:02-07:00,36,50,2019-10-10 08:56:02-07:00,51,70,2019-10-17 08:56:02-07:00,55,60,2019-10-24 08:56:02-07:00,57,60,2019-10-31 08:56:02-07:00,62,100,2019-10-08 12:30:07-07:00,92,100,2019-11-08 12:30:07-07:00,98,100,2019-12-08 12:30:07-07:00,6,6,11,5,5,0.62,0.92,0.98,0.8405405405405405,0.8398214285714285,0.8405405405405405,0.4782608695652174,0.47326457855869625,0.4782608695652174,0.7496944770857814,75.0,C
jill.walsh@univ.edu,1,Jill,Walsh,jxw98212,65.0,80,2019-08-29 08:56:02-07:00,48,80,2019-09-05 08:56:02-07:00,49,80,2019-09-12 08:56:02-07:00,73,100,2019-09-19 08:56:02-07:00,47,70,2019-09-26 08:56:02-07:00,74,90,2019-10-03 08:56:02-07:00,38,50,2019-10-10 08:56:02-07:00,68,70,2019-10-17 08:56:02-07:00,50,60,2019-10-24 08:56:02-07:00,38,60,2019-10-31 08:56:02-07:00,73,100,2019-10-08 12:30:07-07:00,99,100,2019-11-08 12:30:07-07:00,78,100,2019-12-08 12:30:07-07:00,6,13,6,9,4,0.73,0.99,0.78,0.7432432432432432,0.7446746031746031,0.7446746031746031,0.5507246376811594,0.5482505729564553,0.5507246376811594,0.715587232574189,72.0,C
jonathan.pena@univ.edu,1,Jonathan,Pena,jmp63760,53.0,80,2019-08-29 08:56:02-07:00,74,80,2019-09-05 08:56:02-07:00,55,80,2019-09-12 08:56:02-07:00,70,100,2019-09-19 08:56:02-07:00,51,70,2019-09-26 08:56:02-07:00,74,90,2019-10-03 08:56:02-07:00,33,50,2019-10-10 08:56:02-07:00,63,70,2019-10-17 08:56:02-07:00,47,60,2019-10-24 08:56:02-07:00,42,60,2019-10-31 08:56:02-07:00,74,100,2019-10-08 12:30:07-07:00,79,100,2019-11-08 12:30:07-07:00,84,100,2019-12-08 12:30:07-07:00,9,8,13,10,5,0.74,0.79,0.84,0.7594594594594595,0.7569126984126984,0.7594594594594595,0.6521739130434783,0.6494346829640947,0.6521739130434783,0.7414359576968272,75.0,C
samuel.weber@univ.edu,1,Samuel,Weber,sxw76890,71.0,80,2019-08-29 08:56:02-07:00,78,80,2019-09-05 08:56:02-07:00,74,80,2019-09-12 08:56:02-07:00,86,100,2019-09-19 08:56:02-07:00,69,70,2019-09-26 08:56:02-07:00,81,90,2019-10-03 08:56:02-07:00,31,50,2019-10-10 08:56:02-07:00,48,70,2019-10-17 08:56:02-07:00,55,60,2019-10-24 08:56:02-07:00,44,60,2019-10-31 08:56:02-07:00,79,100,2019-10-08 12:30:07-07:00,96,100,2019-11-08 12:30:07-07:00,86,100,2019-12-08 12:30:07-07:00,6,12,14,5,6,0.79,0.96,0.86,0.8608108108108108,0.8488928571428571,0.8608108108108108,0.6231884057971014,0.6052253628724217,0.6231884057971014,0.7957808460634548,80.0,B
leslie.sparks@univ.edu,2,Leslie,Sparks,lxs77616,66.0,80,2019-08-29 08:56:02-07:00,77,80,2019-09-05 08:56:02-07:00,54,80,2019-09-12 08:56:02-07:00,66,100,2019-09-19 08:56:02-07:00,48,70,2019-09-26 08:56:02-07:00,56,90,2019-10-03 08:56:02-07:00,38,50,2019-10-10 08:56:02-07:00,63,70,2019-10-17 08:56:02-07:00,43,60,2019-10-24 08:56:02-07:00,50,60,2019-10-31 08:56:02-07:00,61,100,2019-10-08 12:30:07-07:00,95,100,2019-11-08 12:30:07-07:00,90,100,2019-12-08 12:30:07-07:00,7,9,16,8,8,0.61,0.95,0.9,0.7581081081081081,0.7640436507936509,0.7640436507936509,0.6956521739130435,0.6831270690094219,0.6956521739130435,0.7748131124913734,78.0,C
ashlee.foster@univ.edu,3,Ashlee,Foster,axf16145,79.0,80,2019-08-29 08:56:02-07:00,78,80,2019-09-05 08:56:02-07:00,74,80,2019-09-12 08:56:02-07:00,81,100,2019-09-19 08:56:02-07:00,63,70,2019-09-26 08:56:02-07:00,75,90,2019-10-03 08:56:02-07:00,38,50,2019-10-10 08:56:02-07:00,45,70,2019-10-17 08:56:02-07:00,41,60,2019-10-24 08:56:02-07:00,43,60,2019-10-31 08:56:02-07:00,73,100,2019-10-08 12:30:07-07:00,61,100,2019-11-08 12:30:07-07:00,74,100,2019-12-08 12:30:07-07:00,5,12,17,14,12,0.73,0.61,0.74,0.8337837837837838,0.8233690476190476,0.8337837837837838,0.8695652173913043,0.850909090909091,0.8695652173913043,0.8028830787309049,81.0,B
brandon.flores@univ.edu,2,Brandon,Flores,bcf26283,62.0,80,2019-08-29 08:56:02-07:00,52,80,2019-09-05 08:56:02-07:00,77,80,2019-09-12 08:56:02-07:00,87,100,2019-09-19 08:56:02-07:00,45,70,2019-09-26 08:56:02-07:00,71,90,2019-10-03 08:56:02-07:00,40,50,2019-10-10 08:56:02-07:00,45,70,2019-10-17 08:56:02-07:00,45,60,2019-10-24 08:56:02-07:00,54,60,2019-10-31 08:56:02-07:00,96,100,2019-10-08 12:30:07-07:00,93,100,2019-11-08 12:30:07-07:00,65,100,2019-12-08 12:30:07-07:00,7,15,11,13,7,0.96,0.93,0.65,0.7810810810810811,0.7782103174603175,0.7810810810810811,0.7681159420289855,0.759065444359562,0.7681159420289855,0.7813672150411282,79.0,C
richard.elliott@univ.edu,1,Richard,Elliott,rge65208,49.0,80,2019-08-29 08:56:02-07:00,64,80,2019-09-05 08:56:02-07:00,76,80,2019-09-12 08:56:02-07:00,80,100,2019-09-19 08:56:02-07:00,49,70,2019-09-26 08:56:02-07:00,65,90,2019-10-03 08:56:02-07:00,41,50,2019-10-10 08:56:02-07:00,55,70,2019-10-17 08:56:02-07:00,37,60,2019-10-24 08:56:02-07:00,42,60,2019-10-31 08:56:02-07:00,66,100,2019-10-08 12:30:07-07:00,64,100,2019-11-08 12:30:07-07:00,74,100,2019-12-08 12:30:07-07:00,6,13,17,11,12,0.66,0.64,0.74,0.754054054054054,0.7507103174603175,0.754054054054054,0.855072463768116,0.8395670995670995,0.855072463768116,0.7661433607520565,77.0,C
douglas.payne@univ.edu,1,Douglas,Payne,dxp49123,48.0,80,2019-08-29 08:56:02-07:00,55,80,2019-09-05 08:56:02-07:00,49,80,2019-09-12 08:56:02-07:00,62,100,2019-09-19 08:56:02-07:00,46,70,2019-09-26 08:56:02-07:00,90,90,2019-10-03 08:56:02-07:00,35,50,2019-10-10 08:56:02-07:00,62,70,2019-10-17 08:56:02-07:00,51,60,2019-10-24 08:56:02-07:00,51,60,2019-10-31 08:56:02-07:00,74,100,2019-10-08 12:30:07-07:00,71,100,2019-11-08 12:30:07-07:00,96,100,2019-12-08 12:30:07-07:00,8,7,7,12,5,0.74,0.71,0.96,0.7418918918918919,0.7462857142857142,0.7462857142857142,0.5652173913043478,0.575902724726254,0.575902724726254,0.7232851031321619,73.0,C
tammy.leon@univ.edu,3,Tammy,Leon,tgl37922,63.0,80,2019-08-29 08:56:02-07:00,75,80,2019-09-05 08:56:02-07:00,63,80,2019-09-12 08:56:02-07:00,70,100,2019-09-19 08:56:02-07:00,64,70,2019-09-26 08:56:02-07:00,87,90,2019-10-03 08:56:02-07:00,33,50,2019-10-10 08:56:02-07:00,55,70,2019-10-17 08:56:02-07:00,47,60,2019-10-24 08:56:02-07:00,42,60,2019-10-31 08:56:02-07:00,88,100,2019-10-08 12:30:07-07:00,90,100,2019-11-08 12:30:07-07:00,87,100,2019-12-08 12:30:07-07:00,4,14,17,6,4,0.88,0.9,0.87,0.8094594594594594,0.8022500000000001,0.8094594594594594,0.6521739130434783,0.6117748917748917,0.6521739130434783,0.7839359576968272,79.0,C
carol.reyes@univ.edu,3,Carol,Reyes,cxr98775,75.0,80,2019-08-29 08:56:02-07:00,80,80,2019-09-05 08:56:02-07:00,66,80,2019-09-12 08:56:02-07:00,62,100,2019-09-19 08:56:02-07:00,60,70,2019-09-26 08:56:02-07:00,66,90,2019-10-03 08:56:02-07:00,37,50,2019-10-10 08:56:02-07:00,65,70,2019-10-17 08:56:02-07:00,44,60,2019-10-24 08:56:02-07:00,51,60,2019-10-31 08:56:02-07:00,99,100,2019-10-08 12:30:07-07:00,91,100,2019-11-08 12:30:07-07:00,90,100,2019-12-08 12:30:07-07:00,5,15,8,14,6,0.99,0.91,0.9,0.8189189189189189,0.8224880952380953,0.8224880952380953,0.6956521739130435,0.6850267379679145,0.6956521739130435,0.8131908902691513,82.0,B
amy.terry@univ.edu,3,Amy,Terry,ajt73762,71.0,80,2019-08-29 08:56:02-07:00,54,80,2019-09-05 08:56:02-07:00,76,80,2019-09-12 08:56:02-07:00,93,100,2019-09-19 08:56:02-07:00,43,70,2019-09-26 08:56:02-07:00,89,90,2019-10-03 08:56:02-07:00,30,50,2019-10-10 08:56:02-07:00,58,70,2019-10-17 08:56:02-07:00,54,60,2019-10-24 08:56:02-07:00,49,60,2019-10-31 08:56:02-07:00,60,100,2019-10-08 12:30:07-07:00,81,100,2019-11-08 12:30:07-07:00,79,100,2019-12-08 12:30:07-07:00,4,12,9,5,7,0.6,0.81,0.79,0.8337837837837838,0.8190912698412699,0.8337837837837838,0.5362318840579711,0.5267048637636873,0.5362318840579711,0.723883078730905,73.0,C
paige.king@univ.edu,1,Paige,King,pmk49230,61.0,80,2019-08-29 08:56:02-07:00,61,80,2019-09-05 08:56:02-07:00,61,80,2019-09-12 08:56:02-07:00,75,100,2019-09-19 08:56:02-07:00,63,70,2019-09-26 08:56:02-07:00,86,90,2019-10-03 08:56:02-07:00,43,50,2019-10-10 08:56:02-07:00,64,70,2019-10-17 08:56:02-07:00,50,60,2019-10-24 08:56:02-07:00,46,60,2019-10-31 08:56:02-07:00,97,100,2019-10-08 12:30:07-07:00,99,100,2019-11-08 12:30:07-07:00,63,100,2019-12-08 12:30:07-07:00,8,13,17,14,9,0.97,0.99,0.63,0.8243243243243243,0.826734126984127,0.826734126984127,0.8840579710144928,0.8687878787878788,0.8840579710144928,0.8379110420979987,84.0,B
sara.vasquez@univ.edu,1,Sara,Vasquez,sxv18182,63.0,80,2019-08-29 08:56:02-07:00,65,80,2019-09-05 08:56:02-07:00,67,80,2019-09-12 08:56:02-07:00,98,100,2019-09-19 08:56:02-07:00,70,70,2019-09-26 08:56:02-07:00,65,90,2019-10-03 08:56:02-07:00,32,50,2019-10-10 08:56:02-07:00,55,70,2019-10-17 08:56:02-07:00,40,60,2019-10-24 08:56:02-07:00,38,60,2019-10-31 08:56:02-07:00,64,100,2019-10-08 12:30:07-07:00,73,100,2019-11-08 12:30:07-07:00,75,100,2019-12-08 12:30:07-07:00,5,7,8,6,5,0.64,0.73,0.75,0.8013513513513514,0.7865436507936507,0.8013513513513514,0.4492753623188406,0.4474076903488668,0.4492753623188406,0.6728231492361928,68.0,D
luke.davidson@univ.edu,3,Luke,Davidson,lxd16906,49.0,80,2019-08-29 08:56:02-07:00,77,80,2019-09-05 08:56:02-07:00,77,80,2019-09-12 08:56:02-07:00,94,100,2019-09-19 08:56:02-07:00,45,70,2019-09-26 08:56:02-07:00,69,90,2019-10-03 08:56:02-07:00,40,50,2019-10-10 08:56:02-07:00,53,70,2019-10-17 08:56:02-07:00,55,60,2019-10-24 08:56:02-07:00,55,60,2019-10-31 08:56:02-07:00,92,100,2019-10-08 12:30:07-07:00,62,100,2019-11-08 12:30:07-07:00,60,100,2019-12-08 12:30:07-07:00,7,14,14,8,5,0.92,0.62,0.6,0.8297297297297297,0.82775,0.8297297297297297,0.6956521739130435,0.6762643239113827,0.6956521739130435,0.738587544065805,74.0,C
rhonda.rice@univ.edu,1,Rhonda,Rice,rkr43763,77.0,80,2019-08-29 08:56:02-07:00,48,80,2019-09-05 08:56:02-07:00,53,80,2019-09-12 08:56:02-07:00,68,100,2019-09-19 08:56:02-07:00,67,70,2019-09-26 08:56:02-07:00,67,90,2019-10-03 08:56:02-07:00,50,50,2019-10-10 08:56:02-07:00,43,70,2019-10-17 08:56:02-07:00,43,60,2019-10-24 08:56:02-07:00,52,60,2019-10-31 08:56:02-07:00,61,100,2019-10-08 12:30:07-07:00,98,100,2019-11-08 12:30:07-07:00,96,100,2019-12-08 12:30:07-07:00,8,9,14,6,9,0.61,0.98,0.96,0.7675675675675676,0.780420634920635,0.780420634920635,0.6666666666666666,0.6658747135217722,0.6666666666666666,0.7846682539682539,79.0,C
brett.miranda@univ.edu,3,Brett,Miranda,bxm17365,74.0,80,2019-08-29 08:56:02-07:00,63,80,2019-09-05 08:56:02-07:00,53,80,2019-09-12 08:56:02-07:00,71,100,2019-09-19 08:56:02-07:00,61,70,2019-09-26 08:56:02-07:00,62,90,2019-10-03 08:56:02-07:00,43,50,2019-10-10 08:56:02-07:00,51,70,2019-10-17 08:56:02-07:00,54,60,2019-10-24 08:56:02-07:00,51,60,2019-10-31 08:56:02-07:00,82,100,2019-10-08 12:30:07-07:00,94,100,2019-11-08 12:30:07-07:00,95,100,2019-12-08 12:30:07-07:00,11,9,15,11,8,0.82,0.94,0.95,0.7878378378378378,0.7983888888888889,0.7983888888888889,0.782608695652174,0.7869467787114846,0.7869467787114846,0.8329395891690009,84.0,B
rachel.dennis@univ.edu,3,Rachel,Dennis,rxd55884,73.0,80,2019-08-29 08:56:02-07:00,67,80,2019-09-05 08:56:02-07:00,75,80,2019-09-12 08:56:02-07:00,65,100,2019-09-19 08:56:02-07:00,43,70,2019-09-26 08:56:02-07:00,69,90,2019-10-03 08:56:02-07:00,44,50,2019-10-10 08:56:02-07:00,52,70,2019-10-17 08:56:02-07:00,51,60,2019-10-24 08:56:02-07:00,41,60,2019-10-31 08:56:02-07:00,72,100,2019-10-08 12:30:07-07:00,98,100,2019-11-08 12:30:07-07:00,86,100,2019-12-08 12:30:07-07:00,7,6,7,6,11,0.72,0.98,0.86,0.7837837837837838,0.7874642857142857,0.7874642857142857,0.5362318840579711,0.558673287496817,0.558673287496817,0.7455877005347594,75.0,C
kristin.petersen@univ.edu,1,Kristin,Petersen,ksp17362,49.0,80,2019-08-29 08:56:02-07:00,77,80,2019-09-05 08:56:02-07:00,75,80,2019-09-12 08:56:02-07:00,90,100,2019-09-19 08:56:02-07:00,54,70,2019-09-26 08:56:02-07:00,90,90,2019-10-03 08:56:02-07:00,45,50,2019-10-10 08:56:02-07:00,47,70,2019-10-17 08:56:02-07:00,46,60,2019-10-24 08:56:02-07:00,40,60,2019-10-31 08:56:02-07:00,97,100,2019-10-08 12:30:07-07:00,68,100,2019-11-08 12:30:07-07:00,97,100,2019-12-08 12:30:07-07:00,8,8,7,5,5,0.97,0.68,0.97,0.8283783783783784,0.8188690476190477,0.8283783783783784,0.4782608695652174,0.4892360580595875,0.4892360580595875,0.7401221687692275,75.0,C
travis.washington@univ.edu,1,Travis,Washington,txw75701,64.0,80,2019-08-29 08:56:02-07:00,67,80,2019-09-05 08:56:02-07:00,56,80,2019-09-12 08:56:02-07:00,92,100,2019-09-19 08:56:02-07:00,50,70,2019-09-26 08:56:02-07:00,85,90,2019-10-03 08:56:02-07:00,46,50,2019-10-10 08:56:02-07:00,69,70,2019-10-17 08:56:02-07:00,40,60,2019-10-24 08:56:02-07:00,52,60,2019-10-31 08:56:02-07:00,94,100,2019-10-08 12:30:07-07:00,74,100,2019-11-08 12:30:07-07:00,68,100,2019-12-08 12:30:07-07:00,11,13,10,9,8,0.94,0.74,0.68,0.8391891891891892,0.8355277777777779,0.8391891891891892,0.7391304347826086,0.7528851540616246,0.7528851540616246,0.784541221894163,79.0,C
robert.johnston@univ.edu,3,Robert,Johnston,rsj94156,74.0,80,2019-08-29 08:56:02-07:00,64,80,2019-09-05 08:56:02-07:00,64,80,2019-09-12 08:56:02-07:00,76,100,2019-09-19 08:56:02-07:00,64,70,2019-09-26 08:56:02-07:00,56,90,2019-10-03 08:56:02-07:00,32,50,2019-10-10 08:56:02-07:00,46,70,2019-10-17 08:56:02-07:00,43,60,2019-10-24 08:56:02-07:00,43,60,2019-10-31 08:56:02-07:00,98,100,2019-10-08 12:30:07-07:00,61,100,2019-11-08 12:30:07-07:00,74,100,2019-12-08 12:30:07-07:00,9,12,13,10,5,0.98,0.61,0.74,0.7594594594594595,0.7551984126984127,0.7594594594594595,0.7101449275362319,0.702768016297428,0.7101449275362319,0.7378272620446533,74.0,C
michael.benton@univ.edu,3,Michael,Benton,mxb67936,54.0,80,2019-08-29 08:56:02-07:00,66,80,2019-09-05 08:56:02-07:00,68,80,2019-09-12 08:56:02-07:00,65,100,2019-09-19 08:56:02-07:00,50,70,2019-09-26 08:56:02-07:00,63,90,2019-10-03 08:56:02-07:00,49,50,2019-10-10 08:56:02-07:00,52,70,2019-10-17 08:56:02-07:00,48,60,2019-10-24 08:56:02-07:00,46,60,2019-10-31 08:56:02-07:00,78,100,2019-10-08 12:30:07-07:00,91,100,2019-11-08 12:30:07-07:00,91,100,2019-12-08 12:30:07-07:00,7,6,17,10,4,0.78,0.91,0.91,0.7581081081081081,0.7703809523809524,0.7703809523809524,0.6376811594202898,0.6167965367965368,0.6376811594202898,0.7659567287784679,77.0,C
jamie.johnson@univ.edu,2,Jamie,Johnson,jxj82678,74.0,80,2019-08-29 08:56:02-07:00,78,80,2019-09-05 08:56:02-07:00,76,80,2019-09-12 08:56:02-07:00,100,100,2019-09-19 08:56:02-07:00,66,70,2019-09-26 08:56:02-07:00,85,90,2019-10-03 08:56:02-07:00,40,50,2019-10-10 08:56:02-07:00,67,70,2019-10-17 08:56:02-07:00,36,60,2019-10-24 08:56:02-07:00,50,60,2019-10-31 08:56:02-07:00,63,100,2019-10-08 12:30:07-07:00,71,100,2019-11-08 12:30:07-07:00,90,100,2019-12-08 12:30:07-07:00,5,14,16,9,6,0.63,0.71,0.9,0.9081081081081082,0.8927777777777779,0.9081081081081082,0.7246376811594203,0.6943824802648332,0.7246376811594203,0.8181345475910694,82.0,B
stephanie.sampson@univ.edu,3,Stephanie,Sampson,sxs30610,77.0,80,2019-08-29 08:56:02-07:00,50,80,2019-09-05 08:56:02-07:00,57,80,2019-09-12 08:56:02-07:00,81,100,2019-09-19 08:56:02-07:00,69,70,2019-09-26 08:56:02-07:00,84,90,2019-10-03 08:56:02-07:00,39,50,2019-10-10 08:56:02-07:00,54,70,2019-10-17 08:56:02-07:00,46,60,2019-10-24 08:56:02-07:00,59,60,2019-10-31 08:56:02-07:00,87,100,2019-10-08 12:30:07-07:00,100,100,2019-11-08 12:30:07-07:00,75,100,2019-12-08 12:30:07-07:00,10,10,6,12,4,0.87,1.0,0.75,0.8324324324324325,0.833047619047619,0.833047619047619,0.6086956521739131,0.6238349885408709,0.6238349885408709,0.7763695441813089,78.0,C
brian.myers@univ.edu,2,Brian,Myers,bgm86325,75.0,80,2019-08-29 08:56:02-07:00,49,80,2019-09-05 08:56:02-07:00,53,80,2019-09-12 08:56:02-07:00,65,100,2019-09-19 08:56:02-07:00,66,70,2019-09-26 08:56:02-07:00,69,90,2019-10-03 08:56:02-07:00,49,50,2019-10-10 08:56:02-07:00,47,70,2019-10-17 08:56:02-07:00,44,60,2019-10-24 08:56:02-07:00,53,60,2019-10-31 08:56:02-07:00,74,100,2019-10-08 12:30:07-07:00,60,100,2019-11-08 12:30:07-07:00,92,100,2019-12-08 12:30:07-07:00,9,10,15,8,7,0.74,0.6,0.92,0.7702702702702703,0.7840119047619047,0.7840119047619047,0.7101449275362319,0.7043926661573721,0.7101449275362319,0.7616482401656315,77.0,C
troy.raymond@univ.edu,3,Troy,Raymond,tbr17292,50.0,80,2019-08-29 08:56:02-07:00,59,80,2019-09-05 08:56:02-07:00,79,80,2019-09-12 08:56:02-07:00,98,100,2019-09-19 08:56:02-07:00,65,70,2019-09-26 08:56:02-07:00,68,90,2019-10-03 08:56:02-07:00,44,50,2019-10-10 08:56:02-07:00,66,70,2019-10-17 08:56:02-07:00,45,60,2019-10-24 08:56:02-07:00,49,60,2019-10-31 08:56:02-07:00,91,100,2019-10-08 12:30:07-07:00,67,100,2019-11-08 12:30:07-07:00,100,100,2019-12-08 12:30:07-07:00,7,7,14,7,5,0.91,0.67,1.0,0.8418918918918918,0.8403650793650794,0.8418918918918918,0.5797101449275363,0.5686452762923351,0.5797101449275363,0.7731698002350177,78.0,C
lori.gordon@univ.edu,2,Lori,Gordon,lxg35058,52.0,80,2019-08-29 08:56:02-07:00,74,80,2019-09-05 08:56:02-07:00,75,80,2019-09-12 08:56:02-07:00,79,100,2019-09-19 08:56:02-07:00,67,70,2019-09-26 08:56:02-07:00,72,90,2019-10-03 08:56:02-07:00,50,50,2019-10-10 08:56:02-07:00,51,70,2019-10-17 08:56:02-07:00,40,60,2019-10-24 08:56:02-07:00,38,60,2019-10-31 08:56:02-07:00,88,100,2019-10-08 12:30:07-07:00,96,100,2019-11-08 12:30:07-07:00,76,100,2019-12-08 12:30:07-07:00,9,15,12,7,7,0.88,0.96,0.76,0.8081081081081081,0.8088214285714287,0.8088214285714287,0.7246376811594203,0.7214795008912657,0.7246376811594203,0.7949198757763976,80.0,B
oscar.rush@univ.edu,2,Oscar,Rush,oxr30270,50.0,80,2019-08-29 08:56:02-07:00,56,80,2019-09-05 08:56:02-07:00,65,80,2019-09-12 08:56:02-07:00,80,100,2019-09-19 08:56:02-07:00,42,70,2019-09-26 08:56:02-07:00,68,90,2019-10-03 08:56:02-07:00,34,50,2019-10-10 08:56:02-07:00,67,70,2019-10-17 08:56:02-07:00,57,60,2019-10-24 08:56:02-07:00,40,60,2019-10-31 08:56:02-07:00,74,100,2019-10-08 12:30:07-07:00,80,100,2019-11-08 12:30:07-07:00,66,100,2019-12-08 12:30:07-07:00,5,14,7,5,5,0.74,0.8,0.66,0.7554054054054054,0.754686507936508,0.7554054054054054,0.5217391304347826,0.514690603514133,0.5217391304347826,0.6746839012925969,68.0,D
crystal.holt@univ.edu,2,Crystal,Holt,chh70562,68.0,80,2019-08-29 08:56:02-07:00,51,80,2019-09-05 08:56:02-07:00,64,80,2019-09-12 08:56:02-07:00,91,100,2019-09-19 08:56:02-07:00,52,70,2019-09-26 08:56:02-07:00,67,90,2019-10-03 08:56:02-07:00,37,50,2019-10-10 08:56:02-07:00,43,70,2019-10-17 08:56:02-07:00,45,60,2019-10-24 08:56:02-07:00,39,60,2019-10-31 08:56:02-07:00,63,100,2019-10-08 12:30:07-07:00,97,100,2019-11-08 12:30:07-07:00,73,100,2019-12-08 12:30:07-07:00,9,9,14,14,9,0.63,0.97,0.73,0.7527027027027027,0.7439087301587302,0.7527027027027027,0.7971014492753623,0.7983422459893048,0.7983422459893048,0.7785837548778726,78.0,C
sandra.thomas@univ.edu,1,Sandra,Thomas,sxt33634,65.0,80,2019-08-29 08:56:02-07:00,66,80,2019-09-05 08:56:02-07:00,67,80,2019-09-12 08:56:02-07:00,68,100,2019-09-19 08:56:02-07:00,69,70,2019-09-26 08:56:02-07:00,65,90,2019-10-03 08:56:02-07:00,39,50,2019-10-10 08:56:02-07:00,64,70,2019-10-17 08:56:02-07:00,41,60,2019-10-24 08:56:02-07:00,38,60,2019-10-31 08:56:02-07:00,88,100,2019-10-08 12:30:07-07:00,62,100,2019-11-08 12:30:07-07:00,96,100,2019-12-08 12:30:07-07:00,9,10,14,8,4,0.88,0.62,0.96,0.7864864864864864,0.787388888888889,0.787388888888889,0.6521739130434783,0.6426279602750191,0.6521739130434783,0.7606077294685991,77.0,C
nathan.bates@univ.edu,3,Nathan,Bates,nsb43944,68.0,80,2019-08-29 08:56:02-07:00,67,80,2019-09-05 08:56:02-07:00,69,80,2019-09-12 08:56:02-07:00,72,100,2019-09-19 08:56:02-07:00,61,70,2019-09-26 08:56:02-07:00,80,90,2019-10-03 08:56:02-07:00,33,50,2019-10-10 08:56:02-07:00,64,70,2019-10-17 08:56:02-07:00,55,60,2019-10-24 08:56:02-07:00,55,60,2019-10-31 08:56:02-07:00,71,100,2019-10-08 12:30:07-07:00,76,100,2019-11-08 12:30:07-07:00,82,100,2019-12-08 12:30:07-07:00,6,12,6,11,10,0.71,0.76,0.82,0.8432432432432433,0.843793650793651,0.843793650793651,0.6521739130434783,0.6634886681945507,0.6634886681945507,0.7710640607758256,78.0,C
charles.campbell@univ.edu,2,Charles,Campbell,cxc08121,60.0,80,2019-08-29 08:56:02-07:00,61,80,2019-09-05 08:56:02-07:00,63,80,2019-09-12 08:56:02-07:00,81,100,2019-09-19 08:56:02-07:00,50,70,2019-09-26 08:56:02-07:00,75,90,2019-10-03 08:56:02-07:00,44,50,2019-10-10 08:56:02-07:00,57,70,2019-10-17 08:56:02-07:00,47,60,2019-10-24 08:56:02-07:00,50,60,2019-10-31 08:56:02-07:00,66,100,2019-10-08 12:30:07-07:00,96,100,2019-11-08 12:30:07-07:00,100,100,2019-12-08 12:30:07-07:00,5,15,14,14,8,0.66,0.96,1.0,0.7945945945945946,0.7968571428571428,0.7968571428571428,0.8115942028985508,0.7889483065953654,0.8115942028985508,0.8412211180124224,85.0,B
victoria.boyd@univ.edu,2,Victoria,Boyd,vkb66346,58.0,80,2019-08-29 08:56:02-07:00,61,80,2019-09-05 08:56:02-07:00,75,80,2019-09-12 08:56:02-07:00,99,100,2019-09-19 08:56:02-07:00,52,70,2019-09-26 08:56:02-07:00,86,90,2019-10-03 08:56:02-07:00,34,50,2019-10-10 08:56:02-07:00,51,70,2019-10-17 08:56:02-07:00,40,60,2019-10-24 08:56:02-07:00,50,60,2019-10-31 08:56:02-07:00,68,100,2019-10-08 12:30:07-07:00,93,100,2019-11-08 12:30:07-07:00,69,100,2019-12-08 12:30:07-07:00,9,8,6,6,8,0.68,0.93,0.69,0.8189189189189189,0.8021984126984127,0.8189189189189189,0.5362318840579711,0.5599388846447669,0.5599388846447669,0.7260492329609975,73.0,C
timothy.parker@univ.edu,1,Timothy,Parker,txp55047,50.0,80,2019-08-29 08:56:02-07:00,76,80,2019-09-05 08:56:02-07:00,65,80,2019-09-12 08:56:02-07:00,72,100,2019-09-19 08:56:02-07:00,68,70,2019-09-26 08:56:02-07:00,65,90,2019-10-03 08:56:02-07:00,42,50,2019-10-10 08:56:02-07:00,50,70,2019-10-17 08:56:02-07:00,43,60,2019-10-24 08:56:02-07:00,59,60,2019-10-31 08:56:02-07:00,73,100,2019-10-08 12:30:07-07:00,93,100,2019-11-08 12:30:07-07:00,66,100,2019-12-08 12:30:07-07:00,9,14,13,14,10,0.73,0.93,0.66,0.7972972972972973,0.8055436507936508,0.8055436507936508,0.8695652173913043,0.8699108734402852,0.8699108734402852,0.811690722349546,82.0,B
scott.cervantes@univ.edu,3,Scott,Cervantes,sxc85021,51.0,80,2019-08-29 08:56:02-07:00,70,80,2019-09-05 08:56:02-07:00,65,80,2019-09-12 08:56:02-07:00,78,100,2019-09-19 08:56:02-07:00,65,70,2019-09-26 08:56:02-07:00,68,90,2019-10-03 08:56:02-07:00,45,50,2019-10-10 08:56:02-07:00,66,70,2019-10-17 08:56:02-07:00,55,60,2019-10-24 08:56:02-07:00,56,60,2019-10-31 08:56:02-07:00,60,100,2019-10-08 12:30:07-07:00,100,100,2019-11-08 12:30:07-07:00,89,100,2019-12-08 12:30:07-07:00,4,8,9,12,9,0.6,1.0,0.89,0.8364864864864865,0.8481984126984129,0.8481984126984129,0.6086956521739131,0.6067048637636873,0.6086956521739131,0.7853880607315391,79.0,C
michelle.scott@univ.edu,2,Michelle,Scott,mxs33225,52.0,80,2019-08-29 08:56:02-07:00,55,80,2019-09-05 08:56:02-07:00,72,80,2019-09-12 08:56:02-07:00,66,100,2019-09-19 08:56:02-07:00,44,70,2019-09-26 08:56:02-07:00,79,90,2019-10-03 08:56:02-07:00,35,50,2019-10-10 08:56:02-07:00,52,70,2019-10-17 08:56:02-07:00,50,60,2019-10-24 08:56:02-07:00,42,60,2019-10-31 08:56:02-07:00,87,100,2019-10-08 12:30:07-07:00,77,100,2019-11-08 12:30:07-07:00,92,100,2019-12-08 12:30:07-07:00,7,15,12,14,7,0.87,0.77,0.92,0.7391891891891892,0.7380039682539683,0.7391891891891892,0.7971014492753623,0.7851158645276293,0.7971014492753623,0.7933061104582844,80.0,B
john.bauer@univ.edu,1,John,Bauer,jxb40799,57.0,80,2019-08-29 08:56:02-07:00,70,80,2019-09-05 08:56:02-07:00,73,80,2019-09-12 08:56:02-07:00,83,100,2019-09-19 08:56:02-07:00,56,70,2019-09-26 08:56:02-07:00,89,90,2019-10-03 08:56:02-07:00,38,50,2019-10-10 08:56:02-07:00,57,70,2019-10-17 08:56:02-07:00,57,60,2019-10-24 08:56:02-07:00,44,60,2019-10-31 08:56:02-07:00,64,100,2019-10-08 12:30:07-07:00,88,100,2019-11-08 12:30:07-07:00,92,100,2019-12-08 12:30:07-07:00,4,7,13,9,8,0.64,0.88,0.92,0.8432432432432433,0.8376507936507936,0.8432432432432433,0.5942028985507246,0.5809065444359562,0.5942028985507246,0.7735581668625148,78.0,C
tiffany.ortega@univ.edu,1,Tiffany,Ortega,tmo55387,64.0,80,2019-08-29 08:56:02-07:00,56,80,2019-09-05 08:56:02-07:00,56,80,2019-09-12 08:56:02-07:00,63,100,2019-09-19 08:56:02-07:00,58,70,2019-09-26 08:56:02-07:00,79,90,2019-10-03 08:56:02-07:00,30,50,2019-10-10 08:56:02-07:00,65,70,2019-10-17 08:56:02-07:00,51,60,2019-10-24 08:56:02-07:00,51,60,2019-10-31 08:56:02-07:00,70,100,2019-10-08 12:30:07-07:00,82,100,2019-11-08 12:30:07-07:00,62,100,2019-12-08 12:30:07-07:00,7,8,15,14,12,0.7,0.82,0.62,0.7743243243243243,0.7764920634920635,0.7764920634920635,0.8115942028985508,0.810409982174688,0.8115942028985508,0.7640750862663906,77.0,C
kimberly.rhodes@univ.edu,3,Kimberly,Rhodes,kpr82051,60.0,80,2019-08-29 08:56:02-07:00,61,80,2019-09-05 08:56:02-07:00,60,80,2019-09-12 08:56:02-07:00,79,100,2019-09-19 08:56:02-07:00,42,70,2019-09-26 08:56:02-07:00,86,90,2019-10-03 08:56:02-07:00,34,50,2019-10-10 08:56:02-07:00,48,70,2019-10-17 08:56:02-07:00,48,60,2019-10-24 08:56:02-07:00,47,60,2019-10-31 08:56:02-07:00,61,100,2019-10-08 12:30:07-07:00,62,100,2019-11-08 12:30:07-07:00,97,100,2019-12-08 12:30:07-07:00,9,13,16,12,6,0.61,0.62,0.97,0.7635135135135135,0.7557103174603175,0.7635135135135135,0.8115942028985508,0.7966335625159154,0.8115942028985508,0.7868836662749706,79.0,C
mark.patrick@univ.edu,1,Mark,Patrick,mjp68159,70.0,80,2019-08-29 08:56:02-07:00,65,80,2019-09-05 08:56:02-07:00,73,80,2019-09-12 08:56:02-07:00,84,100,2019-09-19 08:56:02-07:00,68,70,2019-09-26 08:56:02-07:00,74,90,2019-10-03 08:56:02-07:00,34,50,2019-10-10 08:56:02-07:00,43,70,2019-10-17 08:56:02-07:00,36,60,2019-10-24 08:56:02-07:00,55,60,2019-10-31 08:56:02-07:00,92,100,2019-10-08 12:30:07-07:00,65,100,2019-11-08 12:30:07-07:00,80,100,2019-12-08 12:30:07-07:00,10,11,10,8,4,0.92,0.65,0.8,0.8135135135135135,0.8044603174603173,0.8135135135135135,0.6231884057971014,0.6270842882607588,0.6270842882607588,0.744530691883633,75.0,C
kimberly.moore@univ.edu,1,Kimberly,Moore,kam90876,79.0,80,2019-08-29 08:56:02-07:00,60,80,2019-09-05 08:56:02-07:00,70,80,2019-09-12 08:56:02-07:00,90,100,2019-09-19 08:56:02-07:00,54,70,2019-09-26 08:56:02-07:00,61,90,2019-10-03 08:56:02-07:00,38,50,2019-10-10 08:56:02-07:00,54,70,2019-10-17 08:56:02-07:00,46,60,2019-10-24 08:56:02-07:00,36,60,2019-10-31 08:56:02-07:00,64,100,2019-10-08 12:30:07-07:00,96,100,2019-11-08 12:30:07-07:00,64,100,2019-12-08 12:30:07-07:00,6,14,17,8,4,0.64,0.96,0.64,0.7945945945945946,0.7859801587301587,0.7945945945945946,0.7101449275362319,0.6767099567099566,0.7101449275362319,0.7548813160987075,76.0,C
daniel.jones@univ.edu,1,Daniel,Jones,dcj14616,61.0,80,2019-08-29 08:56:02-07:00,49,80,2019-09-05 08:56:02-07:00,78,80,2019-09-12 08:56:02-07:00,98,100,2019-09-19 08:56:02-07:00,56,70,2019-09-26 08:56:02-07:00,85,90,2019-10-03 08:56:02-07:00,32,50,2019-10-10 08:56:02-07:00,42,70,2019-10-17 08:56:02-07:00,40,60,2019-10-24 08:56:02-07:00,58,60,2019-10-31 08:56:02-07:00,79,100,2019-10-08 12:30:07-07:00,68,100,2019-11-08 12:30:07-07:00,61,100,2019-12-08 12:30:07-07:00,8,8,11,7,10,0.79,0.68,0.61,0.8094594594594594,0.7947777777777778,0.8094594594594594,0.6376811594202898,0.6481996434937611,0.6481996434937611,0.7172436768319121,72.0,C
amy.adams@univ.edu,1,Amy,Adams,ara97741,49.0,80,2019-08-29 08:56:02-07:00,53,80,2019-09-05 08:56:02-07:00,55,80,2019-09-12 08:56:02-07:00,78,100,2019-09-19 08:56:02-07:00,46,70,2019-09-26 08:56:02-07:00,59,90,2019-10-03 08:56:02-07:00,49,50,2019-10-10 08:56:02-07:00,58,70,2019-10-17 08:56:02-07:00,39,60,2019-10-24 08:56:02-07:00,54,60,2019-10-31 08:56:02-07:00,87,100,2019-10-08 12:30:07-07:00,74,100,2019-11-08 12:30:07-07:00,76,100,2019-12-08 12:30:07-07:00,9,11,12,8,10,0.87,0.74,0.76,0.7297297297297297,0.741376984126984,0.741376984126984,0.7246376811594203,0.7324318818436466,0.7324318818436466,0.7477803582038877,75.0,C
sarah.jones@univ.edu,3,Sarah,Jones,sxj49423,62.0,80,2019-08-29 08:56:02-07:00,49,80,2019-09-05 08:56:02-07:00,55,80,2019-09-12 08:56:02-07:00,80,100,2019-09-19 08:56:02-07:00,49,70,2019-09-26 08:56:02-07:00,71,90,2019-10-03 08:56:02-07:00,37,50,2019-10-10 08:56:02-07:00,60,70,2019-10-17 08:56:02-07:00,36,60,2019-10-24 08:56:02-07:00,37,60,2019-10-31 08:56:02-07:00,89,100,2019-10-08 12:30:07-07:00,68,100,2019-11-08 12:30:07-07:00,94,100,2019-12-08 12:30:07-07:00,9,15,15,14,12,0.89,0.68,0.94,0.7243243243243244,0.7177698412698412,0.7243243243243244,0.9420289855072463,0.9401069518716578,0.9420289855072463,0.8258384253819036,83.0,B
jessica.garza@univ.edu,1,Jessica,Garza,jag55224,49.0,80,2019-08-29 08:56:02-07:00,77,80,2019-09-05 08:56:02-07:00,71,80,2019-09-12 08:56:02-07:00,69,100,2019-09-19 08:56:02-07:00,44,70,2019-09-26 08:56:02-07:00,74,90,2019-10-03 08:56:02-07:00,46,50,2019-10-10 08:56:02-07:00,64,70,2019-10-17 08:56:02-07:00,46,60,2019-10-24 08:56:02-07:00,55,60,2019-10-31 08:56:02-07:00,90,100,2019-10-08 12:30:07-07:00,79,100,2019-11-08 12:30:07-07:00,62,100,2019-12-08 12:30:07-07:00,8,8,16,11,10,0.9,0.79,0.62,0.8040540540540541,0.8120912698412699,0.8120912698412699,0.7681159420289855,0.764166030048383,0.7681159420289855,0.7722712905452036,78.0,C
emily.dudley@univ.edu,1,Emily,Dudley,eed42850,53.0,80,2019-08-29 08:56:02-07:00,80,80,2019-09-05 08:56:02-07:00,62,80,2019-09-12 08:56:02-07:00,93,100,2019-09-19 08:56:02-07:00,70,70,2019-09-26 08:56:02-07:00,62,90,2019-10-03 08:56:02-07:00,40,50,2019-10-10 08:56:02-07:00,62,70,2019-10-17 08:56:02-07:00,37,60,2019-10-24 08:56:02-07:00,37,60,2019-10-31 08:56:02-07:00,96,100,2019-10-08 12:30:07-07:00,73,100,2019-11-08 12:30:07-07:00,76,100,2019-12-08 12:30:07-07:00,5,9,8,9,9,0.96,0.73,0.76,0.8054054054054054,0.7975436507936509,0.8054054054054054,0.5797101449275363,0.5835981665393429,0.5835981665393429,0.7322416121239651,74.0,C
colleen.hart@univ.edu,1,Colleen,Hart,cxh80084,48.0,80,2019-08-29 08:56:02-07:00,70,80,2019-09-05 08:56:02-07:00,59,80,2019-09-12 08:56:02-07:00,81,100,2019-09-19 08:56:02-07:00,46,70,2019-09-26 08:56:02-07:00,62,90,2019-10-03 08:56:02-07:00,38,50,2019-10-10 08:56:02-07:00,52,70,2019-10-17 08:56:02-07:00,45,60,2019-10-24 08:56:02-07:00,59,60,2019-10-31 08:56:02-07:00,68,100,2019-10-08 12:30:07-07:00,72,100,2019-11-08 12:30:07-07:00,62,100,2019-12-08 12:30:07-07:00,6,6,17,9,7,0.68,0.72,0.62,0.7567567567567568,0.7604722222222222,0.7604722222222222,0.6521739130434783,0.6343290043290043,0.6521739130434783,0.6988410628019324,70.0,C
alexander.rodriguez@univ.edu,2,Alexander,Rodriguez,akr14831,50.0,80,2019-08-29 08:56:02-07:00,54,80,2019-09-05 08:56:02-07:00,74,80,2019-09-12 08:56:02-07:00,75,100,2019-09-19 08:56:02-07:00,54,70,2019-09-26 08:56:02-07:00,59,90,2019-10-03 08:56:02-07:00,38,50,2019-10-10 08:56:02-07:00,43,70,2019-10-17 08:56:02-07:00,38,60,2019-10-24 08:56:02-07:00,47,60,2019-10-31 08:56:02-07:00,97,100,2019-10-08 12:30:07-07:00,97,100,2019-11-08 12:30:07-07:00,81,100,2019-12-08 12:30:07-07:00,11,13,16,11,7,0.97,0.97,0.81,0.7189189189189189,0.7192936507936507,0.7192936507936507,0.8405797101449275,0.8353781512605041,0.8405797101449275,0.8068913733609385,81.0,B
samantha.smith@univ.edu,2,Samantha,Smith,sxs90647,48.0,80,2019-08-29 08:56:02-07:00,61,80,2019-09-05 08:56:02-07:00,49,80,2019-09-12 08:56:02-07:00,70,100,2019-09-19 08:56:02-07:00,61,70,2019-09-26 08:56:02-07:00,87,90,2019-10-03 08:56:02-07:00,36,50,2019-10-10 08:56:02-07:00,59,70,2019-10-17 08:56:02-07:00,53,60,2019-10-24 08:56:02-07:00,44,60,2019-10-31 08:56:02-07:00,69,100,2019-10-08 12:30:07-07:00,100,100,2019-11-08 12:30:07-07:00,74,100,2019-12-08 12:30:07-07:00,6,7,17,5,6,0.69,1.0,0.74,0.7675675675675676,0.7692619047619046,0.7692619047619046,0.5942028985507246,0.5738528138528138,0.5942028985507246,0.7314656314699792,74.0,C
aaron.lester@univ.edu,2,Aaron,Lester,axl60952,68.0,80,2019-08-29 08:56:02-07:00,74,80,2019-09-05 08:56:02-07:00,77,80,2019-09-12 08:56:02-07:00,89,100,2019-09-19 08:56:02-07:00,51,70,2019-09-26 08:56:02-07:00,87,90,2019-10-03 08:56:02-07:00,33,50,2019-10-10 08:56:02-07:00,48,70,2019-10-17 08:56:02-07:00,42,60,2019-10-24 08:56:02-07:00,41,60,2019-10-31 08:56:02-07:00,79,100,2019-10-08 12:30:07-07:00,63,100,2019-11-08 12:30:07-07:00,68,100,2019-12-08 12:30:07-07:00,6,9,10,8,8,0.79,0.63,0.68,0.8243243243243243,0.8051785714285714,0.8243243243243243,0.5942028985507246,0.5943570155334862,0.5943570155334862,0.7125368343897757,72.0,C
kimberly.mccall@univ.edu,3,Kimberly,Mccall,kxm62826,61.0,80,2019-08-29 08:56:02-07:00,53,80,2019-09-05 08:56:02-07:00,79,80,2019-09-12 08:56:02-07:00,95,100,2019-09-19 08:56:02-07:00,44,70,2019-09-26 08:56:02-07:00,87,90,2019-10-03 08:56:02-07:00,36,50,2019-10-10 08:56:02-07:00,48,70,2019-10-17 08:56:02-07:00,60,60,2019-10-24 08:56:02-07:00,57,60,2019-10-31 08:56:02-07:00,79,100,2019-10-08 12:30:07-07:00,98,100,2019-11-08 12:30:07-07:00,60,100,2019-12-08 12:30:07-07:00,11,15,10,12,4,0.79,0.98,0.6,0.8378378378378378,0.8313452380952381,0.8378378378378378,0.7536231884057971,0.7557422969187676,0.7557422969187676,0.7893578242107655,79.0,C
lucas.baldwin@univ.edu,1,Lucas,Baldwin,lxb98047,79.0,80,2019-08-29 08:56:02-07:00,50,80,2019-09-05 08:56:02-07:00,77,80,2019-09-12 08:56:02-07:00,95,100,2019-09-19 08:56:02-07:00,55,70,2019-09-26 08:56:02-07:00,76,90,2019-10-03 08:56:02-07:00,30,50,2019-10-10 08:56:02-07:00,67,70,2019-10-17 08:56:02-07:00,55,60,2019-10-24 08:56:02-07:00,50,60,2019-10-31 08:56:02-07:00,83,100,2019-10-08 12:30:07-07:00,74,100,2019-11-08 12:30:07-07:00,97,100,2019-12-08 12:30:07-07:00,7,10,9,12,11,0.83,0.74,0.97,0.8567567567567568,0.8462301587301587,0.8567567567567568,0.7101449275362319,0.7212503183091419,0.7212503183091419,0.8200777981954454,83.0,B
jason.reyes@univ.edu,3,Jason,Reyes,jxr10806,67.0,80,2019-08-29 08:56:02-07:00,66,80,2019-09-05 08:56:02-07:00,65,80,2019-09-12 08:56:02-07:00,68,100,2019-09-19 08:56:02-07:00,57,70,2019-09-26 08:56:02-07:00,70,90,2019-10-03 08:56:02-07:00,34,50,2019-10-10 08:56:02-07:00,64,70,2019-10-17 08:56:02-07:00,57,60,2019-10-24 08:56:02-07:00,44,60,2019-10-31 08:56:02-07:00,70,100,2019-10-08 12:30:07-07:00,81,100,2019-11-08 12:30:07-07:00,86,100,2019-12-08 12:30:07-07:00,9,13,13,6,4,0.7,0.81,0.86,0.8,0.8024682539682539,0.8024682539682539,0.6521739130434783,0.6422918258212376,0.6521739130434783,0.761639475500345,77.0,C
michelle.lee@univ.edu,1,Michelle,Lee,mxl67812,56.0,80,2019-08-29 08:56:02-07:00,68,80,2019-09-05 08:56:02-07:00,57,80,2019-09-12 08:56:02-07:00,74,100,2019-09-19 08:56:02-07:00,53,70,2019-09-26 08:56:02-07:00,89,90,2019-10-03 08:56:02-07:00,32,50,2019-10-10 08:56:02-07:00,57,70,2019-10-17 08:56:02-07:00,48,60,2019-10-24 08:56:02-07:00,39,60,2019-10-31 08:56:02-07:00,91,100,2019-10-08 12:30:07-07:00,76,100,2019-11-08 12:30:07-07:00,77,100,2019-12-08 12:30:07-07:00,9,13,16,10,10,0.91,0.76,0.77,0.7743243243243243,0.7652817460317459,0.7743243243243243,0.8405797101449275,0.8347288006111535,0.8405797101449275,0.798903642773208,80.0,B
erin.duffy@univ.edu,1,Erin,Duffy,exd72538,66.0,80,2019-08-29 08:56:02-07:00,54,80,2019-09-05 08:56:02-07:00,50,80,2019-09-12 08:56:02-07:00,65,100,2019-09-19 08:56:02-07:00,56,70,2019-09-26 08:56:02-07:00,65,90,2019-10-03 08:56:02-07:00,35,50,2019-10-10 08:56:02-07:00,46,70,2019-10-17 08:56:02-07:00,46,60,2019-10-24 08:56:02-07:00,59,60,2019-10-31 08:56:02-07:00,85,100,2019-10-08 12:30:07-07:00,92,100,2019-11-08 12:30:07-07:00,88,100,2019-12-08 12:30:07-07:00,9,12,14,5,10,0.85,0.92,0.88,0.7324324324324324,0.7404365079365081,0.7404365079365081,0.7246376811594203,0.7264374840845429,0.7264374840845429,0.7806058483999662,79.0,C
dylan.johnson@univ.edu,3,Dylan,Johnson,dxj78877,61.0,80,2019-08-29 08:56:02-07:00,48,80,2019-09-05 08:56:02-07:00,59,80,2019-09-12 08:56:02-07:00,71,100,2019-09-19 08:56:02-07:00,42,70,2019-09-26 08:56:02-07:00,75,90,2019-10-03 08:56:02-07:00,50,50,2019-10-10 08:56:02-07:00,49,70,2019-10-17 08:56:02-07:00,36,60,2019-10-24 08:56:02-07:00,50,60,2019-10-31 08:56:02-07:00,72,100,2019-10-08 12:30:07-07:00,64,100,2019-11-08 12:30:07-07:00,99,100,2019-12-08 12:30:07-07:00,6,9,15,5,10,0.72,0.64,0.99,0.731081081081081,0.7376666666666666,0.7376666666666666,0.6521739130434783,0.6436567354214413,0.6521739130434783,0.7392188405797101,74.0,C
john.odom@univ.edu,2,John,Odom,jxo31236,59.0,80,2019-08-29 08:56:02-07:00,59,80,2019-09-05 08:56:02-07:00,60,80,2019-09-12 08:56:02-07:00,61,100,2019-09-19 08:56:02-07:00,44,70,2019-09-26 08:56:02-07:00,62,90,2019-10-03 08:56:02-07:00,34,50,2019-10-10 08:56:02-07:00,66,70,2019-10-17 08:56:02-07:00,52,60,2019-10-24 08:56:02-07:00,55,60,2019-10-31 08:56:02-07:00,85,100,2019-10-08 12:30:07-07:00,100,100,2019-11-08 12:30:07-07:00,80,100,2019-12-08 12:30:07-07:00,11,15,8,9,6,0.85,1.0,0.8,0.745945945945946,0.7558650793650794,0.7558650793650794,0.7101449275362319,0.7226890756302521,0.7226890756302521,0.7816527544351074,79.0,C
matthew.smith@univ.edu,1,Matthew,Smith,mxs33416,75.0,80,2019-08-29 08:56:02-07:00,53,80,2019-09-05 08:56:02-07:00,57,80,2019-09-12 08:56:02-07:00,69,100,2019-09-19 08:56:02-07:00,53,70,2019-09-26 08:56:02-07:00,78,90,2019-10-03 08:56:02-07:00,50,50,2019-10-10 08:56:02-07:00,51,70,2019-10-17 08:56:02-07:00,47,60,2019-10-24 08:56:02-07:00,42,60,2019-10-31 08:56:02-07:00,66,100,2019-10-08 12:30:07-07:00,63,100,2019-11-08 12:30:07-07:00,93,100,2019-12-08 12:30:07-07:00,8,14,7,7,8,0.66,0.63,0.93,0.777027027027027,0.7838214285714286,0.7838214285714286,0.6376811594202898,0.647807486631016,0.647807486631016,0.7433708174178761,75.0,C
tommy.foster@univ.edu,1,Tommy,Foster,txf41578,49.0,80,2019-08-29 08:56:02-07:00,63,80,2019-09-05 08:56:02-07:00,51,80,2019-09-12 08:56:02-07:00,83,100,2019-09-19 08:56:02-07:00,64,70,2019-09-26 08:56:02-07:00,86,90,2019-10-03 08:56:02-07:00,32,50,2019-10-10 08:56:02-07:00,56,70,2019-10-17 08:56:02-07:00,51,60,2019-10-24 08:56:02-07:00,38,60,2019-10-31 08:56:02-07:00,78,100,2019-10-08 12:30:07-07:00,88,100,2019-11-08 12:30:07-07:00,65,100,2019-12-08 12:30:07-07:00,9,9,7,10,9,0.78,0.88,0.65,0.7743243243243243,0.7660674603174602,0.7743243243243243,0.6376811594202898,0.6588464476699771,0.6588464476699771,0.7318836640307228,74.0,C
bradley.bryan@univ.edu,3,Bradley,Bryan,bxb28023,55.0,80,2019-08-29 08:56:02-07:00,65,80,2019-09-05 08:56:02-07:00,63,80,2019-09-12 08:56:02-07:00,86,100,2019-09-19 08:56:02-07:00,68,70,2019-09-26 08:56:02-07:00,86,90,2019-10-03 08:56:02-07:00,44,50,2019-10-10 08:56:02-07:00,69,70,2019-10-17 08:56:02-07:00,48,60,2019-10-24 08:56:02-07:00,47,60,2019-10-31 08:56:02-07:00,96,100,2019-10-08 12:30:07-07:00,82,100,2019-11-08 12:30:07-07:00,66,100,2019-12-08 12:30:07-07:00,10,12,8,10,8,0.96,0.82,0.66,0.8527027027027027,0.8523531746031747,0.8527027027027027,0.6956521739130435,0.7121263050674815,0.7121263050674815,0.7837189726013256,79.0,C
james.underwood@univ.edu,1,James,Underwood,jxu45537,65.0,80,2019-08-29 08:56:02-07:00,74,80,2019-09-05 08:56:02-07:00,73,80,2019-09-12 08:56:02-07:00,81,100,2019-09-19 08:56:02-07:00,66,70,2019-09-26 08:56:02-07:00,79,90,2019-10-03 08:56:02-07:00,40,50,2019-10-10 08:56:02-07:00,45,70,2019-10-17 08:56:02-07:00,51,60,2019-10-24 08:56:02-07:00,39,60,2019-10-31 08:56:02-07:00,77,100,2019-10-08 12:30:07-07:00,76,100,2019-11-08 12:30:07-07:00,84,100,2019-12-08 12:30:07-07:00,5,13,8,9,9,0.77,0.76,0.84,0.8283783783783784,0.8223492063492064,0.8283783783783784,0.6376811594202898,0.6369314998726764,0.6376811594202898,0.7631556991774383,77.0,C
kerry.smith@univ.edu,1,Kerry,Smith,kxs29884,53.0,80,2019-08-29 08:56:02-07:00,73,80,2019-09-05 08:56:02-07:00,53,80,2019-09-12 08:56:02-07:00,71,100,2019-09-19 08:56:02-07:00,63,70,2019-09-26 08:56:02-07:00,69,90,2019-10-03 08:56:02-07:00,50,50,2019-10-10 08:56:02-07:00,44,70,2019-10-17 08:56:02-07:00,55,60,2019-10-24 08:56:02-07:00,49,60,2019-10-31 08:56:02-07:00,62,100,2019-10-08 12:30:07-07:00,95,100,2019-11-08 12:30:07-07:00,84,100,2019-12-08 12:30:07-07:00,4,13,16,5,5,0.62,0.95,0.84,0.7837837837837838,0.797607142857143,0.797607142857143,0.6231884057971014,0.5890578049401579,0.6231884057971014,0.7579993788819877,76.0,C
brett.hunt@univ.edu,1,Brett,Hunt,bch39598,72.0,80,2019-08-29 08:56:02-07:00,72,80,2019-09-05 08:56:02-07:00,57,80,2019-09-12 08:56:02-07:00,77,100,2019-09-19 08:56:02-07:00,62,70,2019-09-26 08:56:02-07:00,78,90,2019-10-03 08:56:02-07:00,43,50,2019-10-10 08:56:02-07:00,42,70,2019-10-17 08:56:02-07:00,43,60,2019-10-24 08:56:02-07:00,58,60,2019-10-31 08:56:02-07:00,85,100,2019-10-08 12:30:07-07:00,72,100,2019-11-08 12:30:07-07:00,89,100,2019-12-08 12:30:07-07:00,4,11,16,7,12,0.85,0.72,0.89,0.8162162162162162,0.8178214285714285,0.8178214285714285,0.7246376811594203,0.7076292335115865,0.7246376811594203,0.7925198757763975,80.0,B
nicole.patterson@univ.edu,3,Nicole,Patterson,njp08545,66.0,80,2019-08-29 08:56:02-07:00,66,80,2019-09-05 08:56:02-07:00,55,80,2019-09-12 08:56:02-07:00,89,100,2019-09-19 08:56:02-07:00,49,70,2019-09-26 08:56:02-07:00,83,90,2019-10-03 08:56:02-07:00,48,50,2019-10-10 08:56:02-07:00,59,70,2019-10-17 08:56:02-07:00,37,60,2019-10-24 08:56:02-07:00,53,60,2019-10-31 08:56:02-07:00,96,100,2019-10-08 12:30:07-07:00,91,100,2019-11-08 12:30:07-07:00,95,100,2019-12-08 12:30:07-07:00,6,14,10,13,10,0.96,0.91,0.95,0.8175675675675675,0.8152579365079365,0.8175675675675675,0.7681159420289855,0.7657855869620576,0.7681159420289855,0.8389618096357226,84.0,B
patricia.evans@univ.edu,3,Patricia,Evans,pxe53402,57.0,80,2019-08-29 08:56:02-07:00,74,80,2019-09-05 08:56:02-07:00,69,80,2019-09-12 08:56:02-07:00,64,100,2019-09-19 08:56:02-07:00,57,70,2019-09-26 08:56:02-07:00,66,90,2019-10-03 08:56:02-07:00,40,50,2019-10-10 08:56:02-07:00,69,70,2019-10-17 08:56:02-07:00,44,60,2019-10-24 08:56:02-07:00,48,60,2019-10-31 08:56:02-07:00,72,100,2019-10-08 12:30:07-07:00,91,100,2019-11-08 12:30:07-07:00,68,100,2019-12-08 12:30:07-07:00,9,9,8,12,4,0.72,0.91,0.68,0.7945945945945946,0.8006666666666667,0.8006666666666667,0.6086956521739131,0.6158492487904252,0.6158492487904252,0.7340214413037942,74.0,C
russell.flores@univ.edu,2,Russell,Flores,rcf61653,48.0,80,2019-08-29 08:56:02-07:00,68,80,2019-09-05 08:56:02-07:00,71,80,2019-09-12 08:56:02-07:00,77,100,2019-09-19 08:56:02-07:00,68,70,2019-09-26 08:56:02-07:00,90,90,2019-10-03 08:56:02-07:00,30,50,2019-10-10 08:56:02-07:00,64,70,2019-10-17 08:56:02-07:00,47,60,2019-10-24 08:56:02-07:00,56,60,2019-10-31 08:56:02-07:00,64,100,2019-10-08 12:30:07-07:00,78,100,2019-11-08 12:30:07-07:00,98,100,2019-12-08 12:30:07-07:00,7,8,13,9,12,0.64,0.78,0.98,0.8364864864864865,0.8309880952380952,0.8364864864864865,0.7101449275362319,0.7154519989814108,0.7154519989814108,0.8062301942890179,81.0,B
michael.taylor@univ.edu,2,Michael,Taylor,mat59156,58.0,80,2019-08-29 08:56:02-07:00,60,80,2019-09-05 08:56:02-07:00,50,80,2019-09-12 08:56:02-07:00,72,100,2019-09-19 08:56:02-07:00,46,70,2019-09-26 08:56:02-07:00,68,90,2019-10-03 08:56:02-07:00,37,50,2019-10-10 08:56:02-07:00,49,70,2019-10-17 08:56:02-07:00,47,60,2019-10-24 08:56:02-07:00,36,60,2019-10-31 08:56:02-07:00,91,100,2019-10-08 12:30:07-07:00,68,100,2019-11-08 12:30:07-07:00,66,100,2019-12-08 12:30:07-07:00,5,15,13,12,5,0.91,0.68,0.66,0.7067567567567568,0.7056031746031747,0.7067567567567568,0.7246376811594203,0.6986121721415839,0.7246376811594203,0.7125940070505288,72.0,C
angela.warren@univ.edu,1,Angela,Warren,axw80146,54.0,80,2019-08-29 08:56:02-07:00,62,80,2019-09-05 08:56:02-07:00,59,80,2019-09-12 08:56:02-07:00,77,100,2019-09-19 08:56:02-07:00,59,70,2019-09-26 08:56:02-07:00,85,90,2019-10-03 08:56:02-07:00,44,50,2019-10-10 08:56:02-07:00,55,70,2019-10-17 08:56:02-07:00,58,60,2019-10-24 08:56:02-07:00,48,60,2019-10-31 08:56:02-07:00,70,100,2019-10-08 12:30:07-07:00,84,100,2019-11-08 12:30:07-07:00,78,100,2019-12-08 12:30:07-07:00,8,14,10,5,10,0.7,0.84,0.78,0.8121621621621622,0.817718253968254,0.817718253968254,0.6811594202898551,0.6878635090399797,0.6878635090399797,0.7694463542992956,77.0,C
jeffrey.perez@univ.edu,3,Jeffrey,Perez,jxp06435,50.0,80,2019-08-29 08:56:02-07:00,56,80,2019-09-05 08:56:02-07:00,50,80,2019-09-12 08:56:02-07:00,100,100,2019-09-19 08:56:02-07:00,53,70,2019-09-26 08:56:02-07:00,86,90,2019-10-03 08:56:02-07:00,41,50,2019-10-10 08:56:02-07:00,58,70,2019-10-17 08:56:02-07:00,44,60,2019-10-24 08:56:02-07:00,51,60,2019-10-31 08:56:02-07:00,67,100,2019-10-08 12:30:07-07:00,81,100,2019-11-08 12:30:07-07:00,95,100,2019-12-08 12:30:07-07:00,4,7,12,12,9,0.67,0.81,0.95,0.7959459459459459,0.7894603174603174,0.7959459459459459,0.6376811594202898,0.6286656480774128,0.6376811594202898,0.7666827262044653,77.0,C
courtney.wolf@univ.edu,2,Courtney,Wolf,cxw91147,80.0,80,2019-08-29 08:56:02-07:00,79,80,2019-09-05 08:56:02-07:00,66,80,2019-09-12 08:56:02-07:00,63,100,2019-09-19 08:56:02-07:00,56,70,2019-09-26 08:56:02-07:00,71,90,2019-10-03 08:56:02-07:00,48,50,2019-10-10 08:56:02-07:00,43,70,2019-10-17 08:56:02-07:00,52,60,2019-10-24 08:56:02-07:00,43,60,2019-10-31 08:56:02-07:00,88,100,2019-10-08 12:30:07-07:00,86,100,2019-11-08 12:30:07-07:00,62,100,2019-12-08 12:30:07-07:00,10,15,9,7,9,0.88,0.86,0.62,0.8121621621621622,0.8189007936507936,0.8189007936507936,0.7246376811594203,0.7377005347593583,0.7377005347593583,0.7718704778881249,78.0,C
amy.dunn@univ.edu,3,Amy,Dunn,axd67070,72.0,80,2019-08-29 08:56:02-07:00,61,80,2019-09-05 08:56:02-07:00,50,80,2019-09-12 08:56:02-07:00,90,100,2019-09-19 08:56:02-07:00,47,70,2019-09-26 08:56:02-07:00,72,90,2019-10-03 08:56:02-07:00,43,50,2019-10-10 08:56:02-07:00,49,70,2019-10-17 08:56:02-07:00,48,60,2019-10-24 08:56:02-07:00,50,60,2019-10-31 08:56:02-07:00,93,100,2019-10-08 12:30:07-07:00,96,100,2019-11-08 12:30:07-07:00,86,100,2019-12-08 12:30:07-07:00,10,12,6,13,6,0.93,0.96,0.86,0.7864864864864864,0.7852261904761905,0.7864864864864864,0.6811594202898551,0.6981207028265851,0.6981207028265851,0.79553080544257,80.0,B
melissa.poole@univ.edu,3,Melissa,Poole,mxp86000,62.0,80,2019-08-29 08:56:02-07:00,70,80,2019-09-05 08:56:02-07:00,70,80,2019-09-12 08:56:02-07:00,73,100,2019-09-19 08:56:02-07:00,54,70,2019-09-26 08:56:02-07:00,82,90,2019-10-03 08:56:02-07:00,43,50,2019-10-10 08:56:02-07:00,65,70,2019-10-17 08:56:02-07:00,54,60,2019-10-24 08:56:02-07:00,51,60,2019-10-31 08:56:02-07:00,88,100,2019-10-08 12:30:07-07:00,97,100,2019-11-08 12:30:07-07:00,83,100,2019-12-08 12:30:07-07:00,9,7,17,12,5,0.88,0.97,0.83,0.8432432432432433,0.8476111111111113,0.8476111111111113,0.7246376811594203,0.7117316017316018,0.7246376811594203,0.8219357487922706,83.0,B
angela.dunlap@univ.edu,2,Angela,Dunlap,axd31221,49.0,80,2019-08-29 08:56:02-07:00,73,80,2019-09-05 08:56:02-07:00,71,80,2019-09-12 08:56:02-07:00,75,100,2019-09-19 08:56:02-07:00,62,70,2019-09-26 08:56:02-07:00,64,90,2019-10-03 08:56:02-07:00,41,50,2019-10-10 08:56:02-07:00,66,70,2019-10-17 08:56:02-07:00,42,60,2019-10-24 08:56:02-07:00,56,60,2019-10-31 08:56:02-07:00,82,100,2019-10-08 12:30:07-07:00,64,100,2019-11-08 12:30:07-07:00,92,100,2019-12-08 12:30:07-07:00,6,11,11,11,6,0.82,0.64,0.92,0.8094594594594594,0.8155515873015874,0.8155515873015874,0.6521739130434783,0.6423121976063152,0.6521739130434783,0.7648728088336785,77.0,C
levi.wilkerson@univ.edu,3,Levi,Wilkerson,lkw48972,52.0,80,2019-08-29 08:56:02-07:00,80,80,2019-09-05 08:56:02-07:00,75,80,2019-09-12 08:56:02-07:00,62,100,2019-09-19 08:56:02-07:00,43,70,2019-09-26 08:56:02-07:00,70,90,2019-10-03 08:56:02-07:00,33,50,2019-10-10 08:56:02-07:00,42,70,2019-10-17 08:56:02-07:00,38,60,2019-10-24 08:56:02-07:00,42,60,2019-10-31 08:56:02-07:00,71,100,2019-10-08 12:30:07-07:00,96,100,2019-11-08 12:30:07-07:00,93,100,2019-12-08 12:30:07-07:00,11,13,8,14,12,0.71,0.96,0.93,0.7256756756756757,0.7192896825396825,0.7256756756756757,0.8405797101449275,0.867450980392157,0.867450980392157,0.8215055643879174,83.0,B
matthew.gonzalez@univ.edu,1,Matthew,Gonzalez,mjg41514,75.0,80,2019-08-29 08:56:02-07:00,74,80,2019-09-05 08:56:02-07:00,76,80,2019-09-12 08:56:02-07:00,70,100,2019-09-19 08:56:02-07:00,46,70,2019-09-26 08:56:02-07:00,62,90,2019-10-03 08:56:02-07:00,45,50,2019-10-10 08:56:02-07:00,49,70,2019-10-17 08:56:02-07:00,58,60,2019-10-24 08:56:02-07:00,52,60,2019-10-31 08:56:02-07:00,78,100,2019-10-08 12:30:07-07:00,73,100,2019-11-08 12:30:07-07:00,60,100,2019-12-08 12:30:07-07:00,7,6,16,11,12,0.78,0.73,0.6,0.8202702702702702,0.8291865079365082,0.8291865079365082,0.7536231884057971,0.7526508785332314,0.7536231884057971,0.7597615596963425,76.0,C
donna.nguyen@univ.edu,1,Donna,Nguyen,dxn21936,52.0,80,2019-08-29 08:56:02-07:00,78,80,2019-09-05 08:56:02-07:00,59,80,2019-09-12 08:56:02-07:00,76,100,2019-09-19 08:56:02-07:00,55,70,2019-09-26 08:56:02-07:00,58,90,2019-10-03 08:56:02-07:00,32,50,2019-10-10 08:56:02-07:00,65,70,2019-10-17 08:56:02-07:00,48,60,2019-10-24 08:56:02-07:00,46,60,2019-10-31 08:56:02-07:00,70,100,2019-10-08 12:30:07-07:00,87,100,2019-11-08 12:30:07-07:00,64,100,2019-12-08 12:30:07-07:00,7,12,14,9,4,0.7,0.87,0.64,0.768918918918919,0.7687896825396825,0.768918918918919,0.6666666666666666,0.6472167048637637,0.6666666666666666,0.7255675675675676,73.0,C
marcia.stevens@univ.edu,2,Marcia,Stevens,mxs29840,51.0,80,2019-08-29 08:56:02-07:00,72,80,2019-09-05 08:56:02-07:00,60,80,2019-09-12 08:56:02-07:00,84,100,2019-09-19 08:56:02-07:00,68,70,2019-09-26 08:56:02-07:00,73,90,2019-10-03 08:56:02-07:00,50,50,2019-10-10 08:56:02-07:00,65,70,2019-10-17 08:56:02-07:00,59,60,2019-10-24 08:56:02-07:00,59,60,2019-10-31 08:56:02-07:00,63,100,2019-10-08 12:30:07-07:00,99,100,2019-11-08 12:30:07-07:00,83,100,2019-12-08 12:30:07-07:00,7,15,17,10,12,0.63,0.99,0.83,0.8662162162162163,0.8805277777777777,0.8805277777777777,0.8840579710144928,0.8701298701298701,0.8840579710144928,0.872428502415459,88.0,B
christina.allen@univ.edu,1,Christina,Allen,cxa22039,63.0,80,2019-08-29 08:56:02-07:00,78,80,2019-09-05 08:56:02-07:00,76,80,2019-09-12 08:56:02-07:00,68,100,2019-09-19 08:56:02-07:00,53,70,2019-09-26 08:56:02-07:00,83,90,2019-10-03 08:56:02-07:00,44,50,2019-10-10 08:56:02-07:00,69,70,2019-10-17 08:56:02-07:00,39,60,2019-10-24 08:56:02-07:00,43,60,2019-10-31 08:56:02-07:00,60,100,2019-10-08 12:30:07-07:00,70,100,2019-11-08 12:30:07-07:00,67,100,2019-12-08 12:30:07-07:00,10,12,14,14,8,0.6,0.7,0.67,0.8324324324324325,0.8304246031746032,0.8324324324324325,0.8405797101449275,0.8398573975044563,0.8405797101449275,0.7856468860164513,79.0,C
nicole.mann@univ.edu,1,Nicole,Mann,nxm87406,73.0,80,2019-08-29 08:56:02-07:00,53,80,2019-09-05 08:56:02-07:00,80,80,2019-09-12 08:56:02-07:00,75,100,2019-09-19 08:56:02-07:00,60,70,2019-09-26 08:56:02-07:00,88,90,2019-10-03 08:56:02-07:00,49,50,2019-10-10 08:56:02-07:00,70,70,2019-10-17 08:56:02-07:00,54,60,2019-10-24 08:56:02-07:00,45,60,2019-10-31 08:56:02-07:00,99,100,2019-10-08 12:30:07-07:00,85,100,2019-11-08 12:30:07-07:00,97,100,2019-12-08 12:30:07-07:00,11,8,12,11,9,0.99,0.85,0.97,0.8743243243243243,0.8789920634920636,0.8789920634920636,0.7391304347826086,0.754985994397759,0.754985994397759,0.8580926237161532,86.0,B
tara.johnson@univ.edu,2,Tara,Johnson,txj17476,53.0,80,2019-08-29 08:56:02-07:00,74,80,2019-09-05 08:56:02-07:00,65,80,2019-09-12 08:56:02-07:00,82,100,2019-09-19 08:56:02-07:00,45,70,2019-09-26 08:56:02-07:00,59,90,2019-10-03 08:56:02-07:00,48,50,2019-10-10 08:56:02-07:00,56,70,2019-10-17 08:56:02-07:00,40,60,2019-10-24 08:56:02-07:00,57,60,2019-10-31 08:56:02-07:00,71,100,2019-10-08 12:30:07-07:00,91,100,2019-11-08 12:30:07-07:00,95,100,2019-12-08 12:30:07-07:00,6,6,10,14,12,0.71,0.91,0.95,0.7824324324324324,0.7895079365079365,0.7895079365079365,0.6956521739130435,0.7067379679144385,0.7067379679144385,0.7968245649775062,80.0,B
paul.johnson@univ.edu,3,Paul,Johnson,pmj37756,73.0,80,2019-08-29 08:56:02-07:00,50,80,2019-09-05 08:56:02-07:00,55,80,2019-09-12 08:56:02-07:00,65,100,2019-09-19 08:56:02-07:00,47,70,2019-09-26 08:56:02-07:00,76,90,2019-10-03 08:56:02-07:00,32,50,2019-10-10 08:56:02-07:00,55,70,2019-10-17 08:56:02-07:00,40,60,2019-10-24 08:56:02-07:00,51,60,2019-10-31 08:56:02-07:00,84,100,2019-10-08 12:30:07-07:00,80,100,2019-11-08 12:30:07-07:00,94,100,2019-12-08 12:30:07-07:00,10,14,9,11,10,0.84,0.8,0.94,0.7351351351351352,0.7333253968253968,0.7351351351351352,0.782608695652174,0.7981767252355487,0.7981767252355487,0.7965070716247187,80.0,B
danielle.lee@univ.edu,3,Danielle,Lee,dsl24347,69.0,80,2019-08-29 08:56:02-07:00,51,80,2019-09-05 08:56:02-07:00,70,80,2019-09-12 08:56:02-07:00,96,100,2019-09-19 08:56:02-07:00,51,70,2019-09-26 08:56:02-07:00,77,90,2019-10-03 08:56:02-07:00,37,50,2019-10-10 08:56:02-07:00,52,70,2019-10-17 08:56:02-07:00,49,60,2019-10-24 08:56:02-07:00,57,60,2019-10-31 08:56:02-07:00,62,100,2019-10-08 12:30:07-07:00,70,100,2019-11-08 12:30:07-07:00,90,100,2019-12-08 12:30:07-07:00,7,14,10,5,7,0.62,0.7,0.9,0.822972972972973,0.8168650793650792,0.822972972972973,0.6231884057971014,0.6196816908581615,0.6231884057971014,0.7521457109283196,76.0,C
nicole.edwards@univ.edu,3,Nicole,Edwards,nxe44872,62.0,80,2019-08-29 08:56:02-07:00,76,80,2019-09-05 08:56:02-07:00,62,80,2019-09-12 08:56:02-07:00,79,100,2019-09-19 08:56:02-07:00,64,70,2019-09-26 08:56:02-07:00,74,90,2019-10-03 08:56:02-07:00,37,50,2019-10-10 08:56:02-07:00,58,70,2019-10-17 08:56:02-07:00,58,60,2019-10-24 08:56:02-07:00,51,60,2019-10-31 08:56:02-07:00,89,100,2019-10-08 12:30:07-07:00,63,100,2019-11-08 12:30:07-07:00,65,100,2019-12-08 12:30:07-07:00,10,12,9,12,10,0.89,0.63,0.65,0.8391891891891892,0.8411746031746032,0.8411746031746032,0.7681159420289855,0.7857957728545963,0.7857957728545963,0.7772085731262202,78.0,C
bailey.reyes@univ.edu,2,Bailey,Reyes,bxr62103,53.0,80,2019-08-29 08:56:02-07:00,50,80,2019-09-05 08:56:02-07:00,55,80,2019-09-12 08:56:02-07:00,97,100,2019-09-19 08:56:02-07:00,57,70,2019-09-26 08:56:02-07:00,75,90,2019-10-03 08:56:02-07:00,39,50,2019-10-10 08:56:02-07:00,64,70,2019-10-17 08:56:02-07:00,41,60,2019-10-24 08:56:02-07:00,46,60,2019-10-31 08:56:02-07:00,90,100,2019-10-08 12:30:07-07:00,72,100,2019-11-08 12:30:07-07:00,71,100,2019-12-08 12:30:07-07:00,10,15,17,6,7,0.9,0.72,0.71,0.7797297297297298,0.7736904761904763,0.7797297297297298,0.7971014492753623,0.7841991341991342,0.7971014492753623,0.7745223266745005,78.0,C
joyce.walls@univ.edu,1,Joyce,Walls,jxw53347,59.0,80,2019-08-29 08:56:02-07:00,77,80,2019-09-05 08:56:02-07:00,61,80,2019-09-12 08:56:02-07:00,84,100,2019-09-19 08:56:02-07:00,44,70,2019-09-26 08:56:02-07:00,64,90,2019-10-03 08:56:02-07:00,40,50,2019-10-10 08:56:02-07:00,45,70,2019-10-17 08:56:02-07:00,40,60,2019-10-24 08:56:02-07:00,42,60,2019-10-31 08:56:02-07:00,69,100,2019-10-08 12:30:07-07:00,73,100,2019-11-08 12:30:07-07:00,91,100,2019-12-08 12:30:07-07:00,10,6,9,7,12,0.69,0.73,0.91,0.7513513513513513,0.745170634920635,0.7513513513513513,0.6376811594202898,0.6677005347593583,0.6677005347593583,0.744850700968348,75.0,C
